id,image_path,width,height,source,source_url,license,attribution,capture_date,setting,category_set,item_count,item_group_id,sha1,notes
bcc_00001,images/bcc_00001.jpg,384,512,team,,CC-BY-4.0,Ian Slackta,2026-09-29,other,hard,1,IS-bcc_00001,18656864da376fb51ccdaac2552be7ee666bcf36,capture_date from file timestamp (no EXIF date)
bcc_00002,images/bcc_00002.jpg,384,512,team,,CC-BY-4.0,Ian Slackta,2026-09-29,other,hard,1,IS-bcc_00002,29f4bad8fce47c444c5a3f63fbe82f05ea7b31b2,capture_date from file timestamp (no EXIF date)
bcc_00003,images/bcc_00003.jpg,512,384,team,,CC-BY-4.0,Ian Slackta,2026-09-29,other,hard,1,IS-bcc_00003,55fadb23824f73193e0a7c0dc584bec6c3181b6d,capture_date from file timestamp (no EXIF date)
bcc_00004,images/bcc_00004.jpg,512,384,team,,CC-BY-4.0,Ian Slackta,2026-09-29,other,hard,1,IS-bcc_00004,6d2336a3cdd6e3491b1dc95c20b0fca47dca9b03,capture_date from file timestamp (no EXIF date)
bcc_00005,images/bcc_00005.jpg,512,384,team,,CC-BY-4.0,Ian Slackta,2026-09-29,other,hard,1,IS-bcc_00005,d7b3ee7915c2521c9d1c891c93766fe19a068c56,capture_date from file timestamp (no EXIF date)
bcc_00006,images/bcc_00006.jpg,512,384,team,,CC-BY-4.0,Ian Slackta,2026-09-29,other,hard,1,IS-bcc_00006,6986f7bad36ed8fc1513ed564a8f01ba83e5c814,capture_date from file timestamp (no EXIF date)
bcc_00007,images/bcc_00007.jpg,384,512,team,,CC-BY-4.0,Ian Slackta,2026-09-29,other,hard,1,IS-bcc_00007,0a7ddffdc05bef2a670b0dbb332c18e690a31f96,capture_date from file timestamp (no EXIF date)
bcc_00008,images/bcc_00008.jpg,384,512,team,,CC-BY-4.0,Ian Slackta,2026-09-29,other,hard,1,IS-bcc_00008,d8356517d612790efe81474b1320bad2408d28d2,capture_date from file timestamp (no EXIF date)
bcc_00009,images/bcc_00009.jpg,384,512,team,,CC-BY-4.0,Ian Slackta,2026-09-29,other,hard,1,IS-bcc_00009,55ee776f58cd4caf72fecd4c0aa81e895fba06ca,capture_date from file timestamp (no EXIF date)
bcc_00010,images/bcc_00010.jpg,384,512,team,,CC-BY-4.0,Ian Slackta,2026-09-29,other,hard,1,IS-bcc_00010,a7662b83e65ae7b9a2e4d463774375ee2c452d01,capture_date from file timestamp (no EXIF date)
bcc_00011,images/bcc_00011.jpg,384,512,team,,CC-BY-4.0,Ian Slackta,2026-09-29,other,hard,1,IS-bcc_00011,93746ec713ee487b232cbdc5128cb98b10e18e2e,capture_date from file timestamp (no EXIF date)
bcc_00012,images/bcc_00012.jpg,384,512,team,,CC-BY-4.0,Ian Slackta,2026-09-29,other,hard,1,IS-bcc_00012,4a5ea246594e37790f4c813641bab118a3b69899,capture_date from file timestamp (no EXIF date)
bcc_00013,images/bcc_00013.jpg,384,512,team,,CC-BY-4.0,Ian Slackta,2026-09-29,other,hard,1,IS-bcc_00013,4d7569ade9aabed2781854266d1ad126926b3fe0,capture_date from file timestamp (no EXIF date)
bcc_00014,images/bcc_00014.jpg,384,512,team,,CC-BY-4.0,Ian Slackta,2026-09-29,other,hard,1,IS-bcc_00014,3f30492951803fe669cf2352bdd3d699eb4c26e8,capture_date from file timestamp (no EXIF date)
bcc_00015,images/bcc_00015.jpg,512,384,team,,CC-BY-4.0,Ian Slackta,2026-09-28,other,hard,1,IS-bcc_00015,624462204d3ddce9013c74e3bb277691f3382942,
bcc_00016,images/bcc_00016.jpg,512,384,team,,CC-BY-4.0,Ian Slackta,2026-09-28,other,hard,1,IS-bcc_00016,2f661cd61d6c91e69cae83f9353cbd661d938153,
bcc_00017,images/bcc_00017.jpg,512,384,team,,CC-BY-4.0,Ian Slackta,2026-09-28,other,hard,1,IS-bcc_00017,4c91095972c4cb66c49c8c4148544928af94b903,
bcc_00018,images/bcc_00018.jpg,384,512,team,,CC-BY-4.0,Ian Slackta,2026-09-28,other,hard,1,IS-bcc_00018,b5c27f4833a25e33aec0be3a93cdc023d4df333b,
bcc_00019,images/bcc_00019.jpg,384,512,team,,CC-BY-4.0,Ian Slackta,2026-09-28,other,hard,1,IS-bcc_00019,7c9a58c2a311496461fb93cf8335f5add20c2325,
bcc_00020,images/bcc_00020.jpg,384,512,team,,CC-BY-4.0,Ian Slackta,2026-09-28,other,hard,1,IS-bcc_00020,e41551c0d1efc560deab294b09a761a178df990a,
bcc_00021,images/bcc_00021.jpg,384,512,team,,CC-BY-4.0,Ian Slackta,2026-09-28,other,hard,1,IS-bcc_00021,8458af5d0d20e2f74ff04d747bb8320e119ce06d,
bcc_00022,images/bcc_00022.jpg,384,512,team,,CC-BY-4.0,Ian Slackta,2026-09-28,other,hard,1,IS-bcc_00022,9c2f60e1e06078f80dbf8e0cd97e9eca4fb143cc,
bcc_00023,images/bcc_00023.jpg,384,512,team,,CC-BY-4.0,Ian Slackta,2026-09-28,other,hard,1,IS-bcc_00023,bd3191d35fb8424af2480e8a08d7347395040e65,
bcc_00024,images/bcc_00024.jpg,384,512,team,,CC-BY-4.0,Ian Slackta,2026-09-28,other,hard,1,IS-bcc_00024,9480a7e42289511c45874ed2b6a9ecdff77060a5,
bcc_00025,images/bcc_00025.jpg,384,512,team,,CC-BY-4.0,Ian Slackta,2026-09-28,other,hard,1,IS-bcc_00025,ddc9fcb69020821a2cb2599a861f944aa74a1339,REVIEW: photo looks into a bin someone else filled (proposal: no bin-contents photos)
bcc_00026,images/bcc_00026.jpg,384,512,team,,CC-BY-4.0,Ian Slackta,2026-09-28,other,hard,1,IS-bcc_00026,8720c46316a479d4d0eb6ca46347f7ed44af82e1,REVIEW: photo looks into a bin someone else filled (proposal: no bin-contents photos)
bcc_00027,images/bcc_00027.jpg,384,512,team,,CC-BY-4.0,Ian Slackta,2026-09-28,other,hard,1,IS-bcc_00027,a66c11d88b37d236aed893b3bb49e7ec9195304f,
bcc_00028,images/bcc_00028.jpg,384,512,team,,CC-BY-4.0,Ian Slackta,2026-09-28,other,hard,1,IS-bcc_00028,95f5724c257d00ec4a67733c83d87a04d4e34cbb,
bcc_00029,images/bcc_00029.jpg,384,512,team,,CC-BY-4.0,Ian Slackta,2026-09-28,other,hard,1,IS-bcc_00029,7d0373a451ff70c6769f30c5f1ab7b6400abbbc2,
bcc_00030,images/bcc_00030.jpg,384,512,team,,CC-BY-4.0,Ian Slackta,2026-09-28,other,hard,1,IS-bcc_00030,b74cf20ee5dff5fa12ad4cdccfa1f0f4c8ca77aa,
bcc_00031,images/bcc_00031.jpg,384,512,team,,CC-BY-4.0,Ian Slackta,2026-09-28,other,hard,1,IS-bcc_00031,b84d334b5b2759f3ab1f3d18792e36ee1f1e7e90,
bcc_00032,images/bcc_00032.jpg,384,512,team,,CC-BY-4.0,Ian Slackta,2026-09-28,other,hard,1,IS-bcc_00032,9a3e0928b2abbf725ec09cdd7d147b96c928f98d,
bcc_00033,images/bcc_00033.jpg,384,512,team,,CC-BY-4.0,Ian Slackta,2026-09-28,other,hard,1,IS-bcc_00033,e5b43fccf267ae2eec5ff08727fbf00c7448acff,
bcc_00034,images/bcc_00034.jpg,384,512,team,,CC-BY-4.0,Ian Slackta,2026-09-28,other,hard,1,IS-bcc_00034,55a718c4fb04195d23232751722f0ba55371ce9c,
bcc_00035,images/bcc_00035.jpg,384,512,team,,CC-BY-4.0,Ian Slackta,2026-09-28,other,hard,1,IS-bcc_00035,047411c626ebb0184836670c35566f88b4625aef,
bcc_00036,images/bcc_00036.jpg,384,512,team,,CC-BY-4.0,Ian Slackta,2026-09-28,other,hard,1,IS-bcc_00036,ec5c3ba38df6d6c0275aa07c5b159dd6b490fc85,
bcc_00037,images/bcc_00037.jpg,384,512,team,,CC-BY-4.0,Ian Slackta,2026-09-28,other,hard,1,IS-bcc_00037,fcd38303cd5fde7876ceaeaec2024537bb0c4bd1,
bcc_00038,images/bcc_00038.jpg,384,512,team,,CC-BY-4.0,Ian Slackta,2026-09-28,other,hard,1,IS-bcc_00038,3e4d91d00a7675aaad46719878fc8403a7bdbd96,
bcc_00039,images/bcc_00039.jpg,384,512,team,,CC-BY-4.0,Ian Slackta,2026-09-28,other,hard,1,IS-bcc_00039,8a0fd755bd65ab89d27ae727f782a6cd0de1b311,
bcc_00040,images/bcc_00040.jpg,384,512,team,,CC-BY-4.0,Ian Slackta,2026-09-28,other,hard,1,IS-bcc_00040,d455442fe61dae3807d55a749d2433a994173015,REVIEW: part of a person (arm/clothing) visible at right edge; crop or drop
bcc_00041,images/bcc_00041.jpg,384,512,team,,CC-BY-4.0,Ian Slackta,2026-09-28,other,hard,1,IS-bcc_00041,4d49840b148ecd57b9b7cc51b37e04d1d169a705,
bcc_00042,images/bcc_00042.jpg,384,512,team,,CC-BY-4.0,Ian Slackta,2026-09-28,other,hard,1,IS-bcc_00042,5a2b80c3e36d9433f47357e9f3e91da6d2d46eb0,
bcc_00043,images/bcc_00043.jpg,384,512,team,,CC-BY-4.0,Ian Slackta,2026-09-28,other,hard,1,IS-bcc_00043,7b6498398fa72800b95bf3fab1936a132c461a13,
bcc_00044,images/bcc_00044.jpg,384,512,team,,CC-BY-4.0,Ian Slackta,2026-09-28,other,hard,1,IS-bcc_00044,4a95207d5aeaf2f1622af8f4998337618b59434f,
bcc_00045,images/bcc_00045.jpg,384,512,team,,CC-BY-4.0,Ian Slackta,2026-09-28,other,hard,1,IS-bcc_00045,d1990f17ebb69900c10df8830cd37e95b9a5b829,
bcc_00046,images/bcc_00046.jpg,384,512,team,,CC-BY-4.0,Ian Slackta,2026-09-28,other,hard,1,IS-bcc_00046,f0433ca6bcde727e83c0c8de3d86486ba74a2fd5,
bcc_00047,images/bcc_00047.jpg,384,512,team,,CC-BY-4.0,Ian Slackta,2026-09-28,other,hard,1,IS-bcc_00047,439300e7a553c805916a9de8383aacfcc13d0f8e,
bcc_00048,images/bcc_00048.jpg,384,512,team,,CC-BY-4.0,Ian Slackta,2026-09-28,other,hard,1,IS-bcc_00048,6662aa96943e7d58e0e813afeed00853e3eb6d18,
bcc_00049,images/bcc_00049.jpg,384,512,team,,CC-BY-4.0,Ian Slackta,2026-09-28,other,hard,1,IS-bcc_00049,d2035ed9cd185af80a807ce38323ac24859b6875,
bcc_00050,images/bcc_00050.jpg,384,512,team,,CC-BY-4.0,Ian Slackta,2026-09-28,other,hard,1,IS-bcc_00050,15eb70173ebc5988f476595caa262a00cdd46633,
bcc_00051,images/bcc_00051.jpg,384,512,team,,CC-BY-4.0,Ian Slackta,2026-09-28,other,hard,1,IS-bcc_00051,74711f5d45ac5224673d5e7f905eeeb3d15be2d4,
bcc_00052,images/bcc_00052.jpg,384,512,team,,CC-BY-4.0,Ian Slackta,2026-09-28,other,hard,1,IS-bcc_00052,3ef41ad951119b046f5fb00b4126023cfb8551ce,
bcc_00053,images/bcc_00053.jpg,384,512,team,,CC-BY-4.0,Ian Slackta,2026-09-28,other,hard,1,IS-bcc_00053,94eada391000fed5bcc5d0c511e124db7dd5ac42,
bcc_00054,images/bcc_00054.jpg,384,512,team,,CC-BY-4.0,Ian Slackta,2026-09-28,other,hard,1,IS-bcc_00054,4058297f8948c13b0107b2f6e8dee976fdd977f5,
bcc_00055,images/bcc_00055.jpg,384,512,team,,CC-BY-4.0,Ian Slackta,2026-09-28,other,hard,1,IS-bcc_00055,49d2efebf89e76b7ba8085a42e6271b610b98158,
bcc_00056,images/bcc_00056.jpg,384,512,team,,CC-BY-4.0,Ian Slackta,2026-09-28,other,hard,1,IS-bcc_00056,fe5239e6f6cf11e5e2c81655701089e847048d24,
bcc_00057,images/bcc_00057.jpg,384,512,team,,CC-BY-4.0,Ian Slackta,2026-09-28,other,hard,1,IS-bcc_00057,555feab68e5c1802eb77307b1edcf6fcfa0cc528,
bcc_00058,images/bcc_00058.jpg,384,512,team,,CC-BY-4.0,Ian Slackta,2026-09-28,other,hard,1,IS-bcc_00058,41a3514a61b248f37b7ff7a3d9c2bd52277213de,
bcc_00059,images/bcc_00059.jpg,384,512,team,,CC-BY-4.0,Ian Slackta,2026-09-28,other,hard,1,IS-bcc_00059,588285bf4feb72d3a52a88b8a83c502154655cb8,
bcc_00060,images/bcc_00060.jpg,512,384,team,,CC-BY-4.0,Ian Slackta,2026-09-28,other,hard,1,IS-bcc_00060,66c5eb4faee7e9853ddab8cbe7ee28409ced4a42,
bcc_00061,images/bcc_00061.jpg,384,512,team,,CC-BY-4.0,Ian Slackta,2026-09-28,other,hard,1,IS-bcc_00061,9183e587963cebe06638c872c58578b64a32949e,
bcc_00062,images/bcc_00062.jpg,384,512,team,,CC-BY-4.0,Ian Slackta,2026-09-28,other,hard,1,IS-bcc_00062,89140cc22fbbe144ed0944c0dc94e8f5321449cf,
bcc_00063,images/bcc_00063.jpg,384,512,team,,CC-BY-4.0,Ian Slackta,2026-09-28,other,hard,1,IS-bcc_00063,012accde994a3ae214cbadee66721c921600e0eb,
bcc_00064,images/bcc_00064.jpg,384,512,team,,CC-BY-4.0,Ian Slackta,2026-09-28,other,hard,1,IS-bcc_00064,3f9ce4de4ea96424b1d8c8eb1da7882cc1be3187,
bcc_00065,images/bcc_00065.jpg,384,512,team,,CC-BY-4.0,Ian Slackta,2026-09-28,other,hard,1,IS-bcc_00065,33d396afd2319b3969de24f39dfa8ca7648ac9f6,
bcc_00066,images/bcc_00066.jpg,384,512,team,,CC-BY-4.0,Ian Slackta,2026-09-28,other,hard,1,IS-bcc_00066,fd854841cb8e96dc630d4a9be83c357feec9b28e,
bcc_00067,images/bcc_00067.jpg,384,512,team,,CC-BY-4.0,Ian Slackta,2026-09-28,other,hard,1,IS-bcc_00067,ebe72a5065e0e0978435ddac47a8e200c329b381,
bcc_00068,images/bcc_00068.jpg,384,512,team,,CC-BY-4.0,Ian Slackta,2026-09-28,other,hard,1,IS-bcc_00068,096aa64440d1c8ac9105ec113fbc91407e1646c8,
bcc_00069,images/bcc_00069.jpg,384,512,team,,CC-BY-4.0,Ian Slackta,2026-09-28,other,hard,1,IS-bcc_00069,7ed68fdeecf574c7656f58fde88a20c4c69ddc32,
bcc_00070,images/bcc_00070.jpg,384,512,team,,CC-BY-4.0,Ian Slackta,2026-09-28,other,hard,1,IS-bcc_00070,654529042622fe87dd74e1540f3dd80f86def5d1,
bcc_00071,images/bcc_00071.jpg,384,512,team,,CC-BY-4.0,Ian Slackta,2026-09-28,other,hard,1,IS-bcc_00071,5a26e1d61f98d9da9f348d4876877495d7487918,
bcc_00072,images/bcc_00072.jpg,384,512,team,,CC-BY-4.0,Ian Slackta,2026-09-28,other,hard,1,IS-bcc_00072,8d38746f4d6d27533607873e97ab94552fe53cd8,
bcc_00073,images/bcc_00073.jpg,384,512,team,,CC-BY-4.0,Ian Slackta,2026-09-29,other,hard,1,IS-bcc_00073,45c7adc00b7a2980126c452d3e5ebd68298e0e5f,REVIEW: photo looks into a trash can; confirm it is the photographer's own
bcc_00074,images/bcc_00074.jpg,512,384,team,,CC-BY-4.0,Ian Slackta,2026-09-29,other,hard,1,IS-bcc_00074,2902667dc0f8e2657bf70281f099807aac6c4399,
bcc_00075,images/bcc_00075.jpg,512,384,team,,CC-BY-4.0,Ian Slackta,2026-09-29,other,hard,1,IS-bcc_00075,e953758230c79aa2ff49fa7be65a2dfa428d7d96,
bcc_00076,images/bcc_00076.jpg,512,384,team,,CC-BY-4.0,Ian Slackta,2026-09-29,other,hard,1,IS-bcc_00076,53db803298a44135648cc89a7959e77afef85c9a,
bcc_00077,images/bcc_00077.jpg,384,512,team,,CC-BY-4.0,Ian Slackta,2026-09-29,other,hard,1,IS-bcc_00077,c56458f1ad62e239e7e127b43c70c31165a7b83e,
bcc_00078,images/bcc_00078.jpg,512,512,realwaste,https://github.com/sam-single/realwaste,CC-BY-NC-SA-4.0,Sam Single et al. (RealWaste),2026-10-04,other,paper,1,REA-bcc_00078,050b10935a36356f5b5084f452d71e0769ce0333,"sourced image, not photographed by the team; assigned to Hina Kramer's set; item_count not checked"
bcc_00079,images/bcc_00079.jpg,512,512,realwaste,https://github.com/sam-single/realwaste,CC-BY-NC-SA-4.0,Sam Single et al. (RealWaste),2026-10-04,other,paper,1,REA-bcc_00079,41f5a82dcaebe00eac7d345bd481cc15170018d3,"sourced image, not photographed by the team; assigned to Hina Kramer's set; item_count not checked"
bcc_00080,images/bcc_00080.jpg,512,512,realwaste,https://github.com/sam-single/realwaste,CC-BY-NC-SA-4.0,Sam Single et al. (RealWaste),2026-10-04,other,paper,1,REA-bcc_00080,5d2f08e59304c20755edab7214f1ac0454c5f4e5,"sourced image, not photographed by the team; assigned to Hina Kramer's set; item_count not checked"
bcc_00081,images/bcc_00081.jpg,512,512,realwaste,https://github.com/sam-single/realwaste,CC-BY-NC-SA-4.0,Sam Single et al. (RealWaste),2026-10-04,other,paper,1,REA-bcc_00081,eee7c2fb76d0cf0a56d54ed5ab4a043c3186c672,"sourced image, not photographed by the team; assigned to Hina Kramer's set; item_count not checked"
bcc_00082,images/bcc_00082.jpg,512,512,realwaste,https://github.com/sam-single/realwaste,CC-BY-NC-SA-4.0,Sam Single et al. (RealWaste),2026-10-04,other,paper,1,REA-bcc_00082,5e931b50aa1be79cde0c755e970cde07a6b13cc7,"sourced image, not photographed by the team; assigned to Hina Kramer's set; item_count not checked"
bcc_00083,images/bcc_00083.jpg,512,512,realwaste,https://github.com/sam-single/realwaste,CC-BY-NC-SA-4.0,Sam Single et al. (RealWaste),2026-10-04,other,paper,1,REA-bcc_00083,5b667a91dfa883d1e99faf318a93cf3b1a79373b,"sourced image, not photographed by the team; assigned to Hina Kramer's set; item_count not checked"
bcc_00084,images/bcc_00084.jpg,512,512,realwaste,https://github.com/sam-single/realwaste,CC-BY-NC-SA-4.0,Sam Single et al. (RealWaste),2026-10-04,other,paper,1,REA-bcc_00084,b1e4f4945fd4896df52cffc3e01fe8e4334709e9,"sourced image, not photographed by the team; assigned to Hina Kramer's set; item_count not checked"
bcc_00085,images/bcc_00085.jpg,512,512,realwaste,https://github.com/sam-single/realwaste,CC-BY-NC-SA-4.0,Sam Single et al. (RealWaste),2026-10-04,other,paper,1,REA-bcc_00085,6dab8f291bb367bd2765aa1173b2bda71dc3ce4c,"sourced image, not photographed by the team; assigned to Hina Kramer's set; item_count not checked"
bcc_00086,images/bcc_00086.jpg,512,512,realwaste,https://github.com/sam-single/realwaste,CC-BY-NC-SA-4.0,Sam Single et al. (RealWaste),2026-10-04,other,paper,1,REA-bcc_00086,6d4474cacafacdb4196915affd3bb5b9719c5d29,"sourced image, not photographed by the team; assigned to Hina Kramer's set; item_count not checked"
bcc_00087,images/bcc_00087.jpg,512,512,realwaste,https://github.com/sam-single/realwaste,CC-BY-NC-SA-4.0,Sam Single et al. (RealWaste),2026-10-04,other,paper,1,REA-bcc_00087,e6bb4e1fcb5c0eb3672d8732e17e3bab12fca7aa,"sourced image, not photographed by the team; assigned to Hina Kramer's set; item_count not checked"
bcc_00088,images/bcc_00088.jpg,512,512,realwaste,https://github.com/sam-single/realwaste,CC-BY-NC-SA-4.0,Sam Single et al. (RealWaste),2026-10-04,other,paper,1,REA-bcc_00088,90f814a3bac8aef39c31eaafa53e96db434bcc2f,"sourced image, not photographed by the team; assigned to Hina Kramer's set; item_count not checked"
bcc_00089,images/bcc_00089.jpg,512,512,realwaste,https://github.com/sam-single/realwaste,CC-BY-NC-SA-4.0,Sam Single et al. (RealWaste),2026-10-04,other,paper,1,REA-bcc_00089,56e8a32fbcd7224c5c1bce796218f86a287f9812,"sourced image, not photographed by the team; assigned to Hina Kramer's set; item_count not checked"
bcc_00090,images/bcc_00090.jpg,512,512,realwaste,https://github.com/sam-single/realwaste,CC-BY-NC-SA-4.0,Sam Single et al. (RealWaste),2026-10-04,other,paper,1,REA-bcc_00090,d81b7756f264a72f7c151c5a5a63a40ad200d2a7,"sourced image, not photographed by the team; assigned to Hina Kramer's set; item_count not checked"
bcc_00091,images/bcc_00091.jpg,512,512,realwaste,https://github.com/sam-single/realwaste,CC-BY-NC-SA-4.0,Sam Single et al. (RealWaste),2026-10-04,other,paper,1,REA-bcc_00091,6dd49d068e8a7f6c7f76aa17732f05d725778cea,"sourced image, not photographed by the team; assigned to Hina Kramer's set; item_count not checked"
bcc_00092,images/bcc_00092.jpg,512,512,realwaste,https://github.com/sam-single/realwaste,CC-BY-NC-SA-4.0,Sam Single et al. (RealWaste),2026-10-04,other,paper,1,REA-bcc_00092,e74b79f48ad39668e83db3a016cd01f5995860b7,"sourced image, not photographed by the team; assigned to Hina Kramer's set; item_count not checked"
bcc_00093,images/bcc_00093.jpg,512,512,realwaste,https://github.com/sam-single/realwaste,CC-BY-NC-SA-4.0,Sam Single et al. (RealWaste),2026-10-04,other,paper,1,REA-bcc_00093,5679e4faea0bf7438f1fa23b1a3927c4b5ca431b,"sourced image, not photographed by the team; assigned to Hina Kramer's set; item_count not checked"
bcc_00094,images/bcc_00094.jpg,512,512,realwaste,https://github.com/sam-single/realwaste,CC-BY-NC-SA-4.0,Sam Single et al. (RealWaste),2026-10-04,other,paper,1,REA-bcc_00094,29b3806d5492a3b7e83d035fe8f07cfac4822b96,"sourced image, not photographed by the team; assigned to Hina Kramer's set; item_count not checked"
bcc_00095,images/bcc_00095.jpg,512,512,realwaste,https://github.com/sam-single/realwaste,CC-BY-NC-SA-4.0,Sam Single et al. (RealWaste),2026-10-04,other,paper,1,REA-bcc_00095,602d6e740811f6e200b4ccef251d73cc11be72db,"sourced image, not photographed by the team; assigned to Hina Kramer's set; item_count not checked"
bcc_00096,images/bcc_00096.jpg,512,512,realwaste,https://github.com/sam-single/realwaste,CC-BY-NC-SA-4.0,Sam Single et al. (RealWaste),2026-10-04,other,paper,1,REA-bcc_00096,8f4eaf69b8b4c6db702412df8d8ea8119d266b53,"sourced image, not photographed by the team; assigned to Hina Kramer's set; item_count not checked"
bcc_00097,images/bcc_00097.jpg,512,512,realwaste,https://github.com/sam-single/realwaste,CC-BY-NC-SA-4.0,Sam Single et al. (RealWaste),2026-10-04,other,paper,1,REA-bcc_00097,12b97f1c3315bc85d91244397ba5c54c8a439dc1,"sourced image, not photographed by the team; assigned to Hina Kramer's set; item_count not checked"
bcc_00098,images/bcc_00098.jpg,512,512,realwaste,https://github.com/sam-single/realwaste,CC-BY-NC-SA-4.0,Sam Single et al. (RealWaste),2026-10-04,other,paper,1,REA-bcc_00098,286bfe17a0862574672271c00079330386b78d35,"sourced image, not photographed by the team; assigned to Hina Kramer's set; item_count not checked"
bcc_00099,images/bcc_00099.jpg,512,512,realwaste,https://github.com/sam-single/realwaste,CC-BY-NC-SA-4.0,Sam Single et al. (RealWaste),2026-10-04,other,paper,1,REA-bcc_00099,f605659f08923fe6246406baf92d7909662eb5a1,"sourced image, not photographed by the team; assigned to Hina Kramer's set; item_count not checked"
bcc_00100,images/bcc_00100.jpg,512,512,realwaste,https://github.com/sam-single/realwaste,CC-BY-NC-SA-4.0,Sam Single et al. (RealWaste),2026-10-04,other,paper,1,REA-bcc_00100,43ef0d5a2f9b0ae1230cbef63211fb77b05fc581,"sourced image, not photographed by the team; assigned to Hina Kramer's set; item_count not checked"
bcc_00101,images/bcc_00101.jpg,512,512,realwaste,https://github.com/sam-single/realwaste,CC-BY-NC-SA-4.0,Sam Single et al. (RealWaste),2026-10-04,other,paper,1,REA-bcc_00101,f719d76cfb2c23d6af626a0206d3177742b0f191,"sourced image, not photographed by the team; assigned to Hina Kramer's set; item_count not checked"
bcc_00102,images/bcc_00102.jpg,512,512,realwaste,https://github.com/sam-single/realwaste,CC-BY-NC-SA-4.0,Sam Single et al. (RealWaste),2026-10-04,other,paper,1,REA-bcc_00102,91cab01a9366fb202ed69fa605a4c52d53532fce,"sourced image, not photographed by the team; assigned to Hina Kramer's set; item_count not checked"
bcc_00103,images/bcc_00103.jpg,512,512,realwaste,https://github.com/sam-single/realwaste,CC-BY-NC-SA-4.0,Sam Single et al. (RealWaste),2026-10-04,other,paper,1,REA-bcc_00103,7a4e7978b3c24405af560200bdbec73ae39332b8,"sourced image, not photographed by the team; assigned to Hina Kramer's set; item_count not checked"
bcc_00104,images/bcc_00104.jpg,512,512,realwaste,https://github.com/sam-single/realwaste,CC-BY-NC-SA-4.0,Sam Single et al. (RealWaste),2026-10-04,other,paper,1,REA-bcc_00104,56555a72245748f3f72c2544a0948831a7697fd5,"sourced image, not photographed by the team; assigned to Hina Kramer's set; item_count not checked"
bcc_00105,images/bcc_00105.jpg,512,512,realwaste,https://github.com/sam-single/realwaste,CC-BY-NC-SA-4.0,Sam Single et al. (RealWaste),2026-10-04,other,paper,1,REA-bcc_00105,1796842fa6f5a1b98eb774f3a7d0273fd4db3e51,"sourced image, not photographed by the team; assigned to Hina Kramer's set; item_count not checked"
bcc_00106,images/bcc_00106.jpg,512,512,realwaste,https://github.com/sam-single/realwaste,CC-BY-NC-SA-4.0,Sam Single et al. (RealWaste),2026-10-04,other,paper,1,REA-bcc_00106,c8f627e95ee0fc7203f31aa20c935a2e1131e89a,"sourced image, not photographed by the team; assigned to Hina Kramer's set; item_count not checked"
bcc_00107,images/bcc_00107.jpg,512,512,realwaste,https://github.com/sam-single/realwaste,CC-BY-NC-SA-4.0,Sam Single et al. (RealWaste),2026-10-04,other,paper,1,REA-bcc_00107,cda4649593e8a961ffb80c44c9990c1d59d64148,"sourced image, not photographed by the team; assigned to Hina Kramer's set; item_count not checked"
bcc_00108,images/bcc_00108.jpg,512,512,realwaste,https://github.com/sam-single/realwaste,CC-BY-NC-SA-4.0,Sam Single et al. (RealWaste),2026-10-04,other,paper,1,REA-bcc_00108,901b346d1a3acb99ddec319d94065e4c1c13e798,"sourced image, not photographed by the team; assigned to Hina Kramer's set; item_count not checked"
bcc_00109,images/bcc_00109.jpg,512,512,realwaste,https://github.com/sam-single/realwaste,CC-BY-NC-SA-4.0,Sam Single et al. (RealWaste),2026-10-04,other,paper,1,REA-bcc_00109,2837a09b899d17e4a3129cc6805f1da4eb396175,"sourced image, not photographed by the team; assigned to Hina Kramer's set; item_count not checked"
bcc_00110,images/bcc_00110.jpg,512,512,realwaste,https://github.com/sam-single/realwaste,CC-BY-NC-SA-4.0,Sam Single et al. (RealWaste),2026-10-04,other,paper,1,REA-bcc_00110,ee3bcc488f19ab642a7a958b90cd848748077494,"sourced image, not photographed by the team; assigned to Hina Kramer's set; item_count not checked"
bcc_00111,images/bcc_00111.jpg,512,512,realwaste,https://github.com/sam-single/realwaste,CC-BY-NC-SA-4.0,Sam Single et al. (RealWaste),2026-10-04,other,paper,1,REA-bcc_00111,e130cf139c758b0303c2676c5e838abc00f3c5f0,"sourced image, not photographed by the team; assigned to Hina Kramer's set; item_count not checked"
bcc_00112,images/bcc_00112.jpg,512,512,realwaste,https://github.com/sam-single/realwaste,CC-BY-NC-SA-4.0,Sam Single et al. (RealWaste),2026-10-04,other,paper,1,REA-bcc_00112,2acf57ea83f4b08aa34533be6ba60c3300d2c7f2,"sourced image, not photographed by the team; assigned to Hina Kramer's set; item_count not checked"
bcc_00113,images/bcc_00113.jpg,512,512,realwaste,https://github.com/sam-single/realwaste,CC-BY-NC-SA-4.0,Sam Single et al. (RealWaste),2026-10-04,other,paper,1,REA-bcc_00113,042af33de5b8453fedef69b3f4064707f50357fa,"sourced image, not photographed by the team; assigned to Hina Kramer's set; item_count not checked"
bcc_00114,images/bcc_00114.jpg,512,512,realwaste,https://github.com/sam-single/realwaste,CC-BY-NC-SA-4.0,Sam Single et al. (RealWaste),2026-10-04,other,paper,1,REA-bcc_00114,30564c0e464a51ceb6577682b263f25bcef057a7,"sourced image, not photographed by the team; assigned to Hina Kramer's set; item_count not checked"
bcc_00115,images/bcc_00115.jpg,512,512,realwaste,https://github.com/sam-single/realwaste,CC-BY-NC-SA-4.0,Sam Single et al. (RealWaste),2026-10-04,other,paper,1,REA-bcc_00115,7853f988e1a03af7de1d2104d3a02cc4e8ecbe8d,"sourced image, not photographed by the team; assigned to Hina Kramer's set; item_count not checked"
bcc_00116,images/bcc_00116.jpg,512,512,realwaste,https://github.com/sam-single/realwaste,CC-BY-NC-SA-4.0,Sam Single et al. (RealWaste),2026-10-04,other,paper,1,REA-bcc_00116,f42bdd47ccd86967257260b744406ca12b80f53d,"sourced image, not photographed by the team; assigned to Hina Kramer's set; item_count not checked"
bcc_00117,images/bcc_00117.jpg,512,512,realwaste,https://github.com/sam-single/realwaste,CC-BY-NC-SA-4.0,Sam Single et al. (RealWaste),2026-10-04,other,paper,1,REA-bcc_00117,8d66be32143f57df1733b07cff31cd74f4592548,"sourced image, not photographed by the team; assigned to Hina Kramer's set; item_count not checked"
bcc_00118,images/bcc_00118.jpg,512,512,realwaste,https://github.com/sam-single/realwaste,CC-BY-NC-SA-4.0,Sam Single et al. (RealWaste),2026-10-04,other,paper,1,REA-bcc_00118,7ef172d8866997c9be196648dbf7a98cf8d7133b,"sourced image, not photographed by the team; assigned to Hina Kramer's set; item_count not checked"
bcc_00119,images/bcc_00119.jpg,512,512,realwaste,https://github.com/sam-single/realwaste,CC-BY-NC-SA-4.0,Sam Single et al. (RealWaste),2026-10-04,other,paper,1,REA-bcc_00119,4aa1180da6c9b81f3cb7cff73429f81d5f169ccd,"sourced image, not photographed by the team; assigned to Hina Kramer's set; item_count not checked"
bcc_00120,images/bcc_00120.jpg,512,512,realwaste,https://github.com/sam-single/realwaste,CC-BY-NC-SA-4.0,Sam Single et al. (RealWaste),2026-10-04,other,paper,1,REA-bcc_00120,75eaa1e3fccddab931b74e270e5e8308a58f9f75,"sourced image, not photographed by the team; assigned to Hina Kramer's set; item_count not checked"
bcc_00121,images/bcc_00121.jpg,512,512,realwaste,https://github.com/sam-single/realwaste,CC-BY-NC-SA-4.0,Sam Single et al. (RealWaste),2026-10-04,other,paper,1,REA-bcc_00121,bb60e1850ed31385647a2216fc32d1a339bee6ac,"sourced image, not photographed by the team; assigned to Hina Kramer's set; item_count not checked"
bcc_00122,images/bcc_00122.jpg,512,512,realwaste,https://github.com/sam-single/realwaste,CC-BY-NC-SA-4.0,Sam Single et al. (RealWaste),2026-10-04,other,paper,1,REA-bcc_00122,232b43642e51dd2adf2b5e66356c5b35cc7a2d78,"sourced image, not photographed by the team; assigned to Hina Kramer's set; item_count not checked"
bcc_00123,images/bcc_00123.jpg,512,512,realwaste,https://github.com/sam-single/realwaste,CC-BY-NC-SA-4.0,Sam Single et al. (RealWaste),2026-10-04,other,paper,1,REA-bcc_00123,47aa0cff885a08c40b50c2cf012bdac5968a2048,"sourced image, not photographed by the team; assigned to Hina Kramer's set; item_count not checked"
bcc_00124,images/bcc_00124.jpg,512,512,realwaste,https://github.com/sam-single/realwaste,CC-BY-NC-SA-4.0,Sam Single et al. (RealWaste),2026-10-04,other,paper,1,REA-bcc_00124,b8874c76f2567216a0720c6c4b0ce41f5f01cb54,"sourced image, not photographed by the team; assigned to Hina Kramer's set; item_count not checked"
bcc_00125,images/bcc_00125.jpg,512,512,realwaste,https://github.com/sam-single/realwaste,CC-BY-NC-SA-4.0,Sam Single et al. (RealWaste),2026-10-04,other,paper,1,REA-bcc_00125,49d8cf4fc138de5e8ebc60523331a2df8cae9eec,"sourced image, not photographed by the team; assigned to Hina Kramer's set; item_count not checked"
bcc_00126,images/bcc_00126.jpg,512,512,realwaste,https://github.com/sam-single/realwaste,CC-BY-NC-SA-4.0,Sam Single et al. (RealWaste),2026-10-04,other,paper,1,REA-bcc_00126,ef97e898270c42ff88e3088bbd8d1165b72a9b57,"sourced image, not photographed by the team; assigned to Hina Kramer's set; item_count not checked"
bcc_00127,images/bcc_00127.jpg,512,512,realwaste,https://github.com/sam-single/realwaste,CC-BY-NC-SA-4.0,Sam Single et al. (RealWaste),2026-10-04,other,paper,1,REA-bcc_00127,53fb6b4d719a51bfabb50ff7276a8327966b9d44,"sourced image, not photographed by the team; assigned to Hina Kramer's set; item_count not checked"
bcc_00128,images/bcc_00128.jpg,512,512,realwaste,https://github.com/sam-single/realwaste,CC-BY-NC-SA-4.0,Sam Single et al. (RealWaste),2026-10-04,other,paper,1,REA-bcc_00128,442e245905d3a8d213e59a00c71fe91ffb4481de,"sourced image, not photographed by the team; assigned to Hina Kramer's set; item_count not checked"
bcc_00129,images/bcc_00129.jpg,512,512,realwaste,https://github.com/sam-single/realwaste,CC-BY-NC-SA-4.0,Sam Single et al. (RealWaste),2026-10-04,other,paper,1,REA-bcc_00129,953cb6012e62f05e4b6e89da6134007dbbfcb160,"sourced image, not photographed by the team; assigned to Hina Kramer's set; item_count not checked"
bcc_00130,images/bcc_00130.jpg,512,512,realwaste,https://github.com/sam-single/realwaste,CC-BY-NC-SA-4.0,Sam Single et al. (RealWaste),2026-10-04,other,paper,1,REA-bcc_00130,dd8ebaa5c7c33b9b24c05ef597afc76fbc07e4a6,"sourced image, not photographed by the team; assigned to Hina Kramer's set; item_count not checked"
bcc_00131,images/bcc_00131.jpg,512,512,realwaste,https://github.com/sam-single/realwaste,CC-BY-NC-SA-4.0,Sam Single et al. (RealWaste),2026-10-04,other,paper,1,REA-bcc_00131,3275546ebc80bfb5cd66d8175939a99ce307b9e5,"sourced image, not photographed by the team; assigned to Hina Kramer's set; item_count not checked"
bcc_00132,images/bcc_00132.jpg,512,512,realwaste,https://github.com/sam-single/realwaste,CC-BY-NC-SA-4.0,Sam Single et al. (RealWaste),2026-10-04,other,paper,1,REA-bcc_00132,03523f9c10a3635483a3f020a749862238cdad73,"sourced image, not photographed by the team; assigned to Hina Kramer's set; item_count not checked"
bcc_00133,images/bcc_00133.jpg,512,512,realwaste,https://github.com/sam-single/realwaste,CC-BY-NC-SA-4.0,Sam Single et al. (RealWaste),2026-10-04,other,paper,1,REA-bcc_00133,c84d0584fa5fe44ed1122a234aa0e25fd6b0f43c,"sourced image, not photographed by the team; assigned to Hina Kramer's set; item_count not checked"
bcc_00134,images/bcc_00134.jpg,512,512,realwaste,https://github.com/sam-single/realwaste,CC-BY-NC-SA-4.0,Sam Single et al. (RealWaste),2026-10-04,other,paper,1,REA-bcc_00134,c63b97dba606a7a1d22bd7fea2d74dc6b11bfe29,"sourced image, not photographed by the team; assigned to Hina Kramer's set; item_count not checked"
bcc_00135,images/bcc_00135.jpg,512,512,realwaste,https://github.com/sam-single/realwaste,CC-BY-NC-SA-4.0,Sam Single et al. (RealWaste),2026-10-04,other,paper,1,REA-bcc_00135,a2ec1521dc00cf5e8b0159eaae2a0b9c7cb4e14f,"sourced image, not photographed by the team; assigned to Hina Kramer's set; item_count not checked"
bcc_00136,images/bcc_00136.jpg,512,512,realwaste,https://github.com/sam-single/realwaste,CC-BY-NC-SA-4.0,Sam Single et al. (RealWaste),2026-10-04,other,paper,1,REA-bcc_00136,740190fe212588013743a4f1c0acaf621ef4c7aa,"sourced image, not photographed by the team; assigned to Hina Kramer's set; item_count not checked"
bcc_00137,images/bcc_00137.jpg,512,512,realwaste,https://github.com/sam-single/realwaste,CC-BY-NC-SA-4.0,Sam Single et al. (RealWaste),2026-10-04,other,paper,1,REA-bcc_00137,16897bace5eb7e858c3e03abe2ce19b116b1b5ca,"sourced image, not photographed by the team; assigned to Hina Kramer's set; item_count not checked"
bcc_00138,images/bcc_00138.jpg,512,512,realwaste,https://github.com/sam-single/realwaste,CC-BY-NC-SA-4.0,Sam Single et al. (RealWaste),2026-10-04,other,paper,1,REA-bcc_00138,4baa720217030fac5dd5fe655482083d0d4f53bd,"sourced image, not photographed by the team; assigned to Hina Kramer's set; item_count not checked"
bcc_00139,images/bcc_00139.jpg,512,512,realwaste,https://github.com/sam-single/realwaste,CC-BY-NC-SA-4.0,Sam Single et al. (RealWaste),2026-10-04,other,paper,1,REA-bcc_00139,5970f62367ceb3b1ed5edb5448f625dd283e21ba,"sourced image, not photographed by the team; assigned to Hina Kramer's set; item_count not checked"
bcc_00140,images/bcc_00140.jpg,512,512,realwaste,https://github.com/sam-single/realwaste,CC-BY-NC-SA-4.0,Sam Single et al. (RealWaste),2026-10-04,other,paper,1,REA-bcc_00140,ab5305afaf5ee0a3fdb97be0a04cddae756ad3d7,"sourced image, not photographed by the team; assigned to Hina Kramer's set; item_count not checked"
bcc_00141,images/bcc_00141.jpg,512,512,realwaste,https://github.com/sam-single/realwaste,CC-BY-NC-SA-4.0,Sam Single et al. (RealWaste),2026-10-04,other,paper,1,REA-bcc_00141,2ecf8a8e01a360a93da24b2aa61fbb97b4a6767a,"sourced image, not photographed by the team; assigned to Hina Kramer's set; item_count not checked"
bcc_00142,images/bcc_00142.jpg,512,512,realwaste,https://github.com/sam-single/realwaste,CC-BY-NC-SA-4.0,Sam Single et al. (RealWaste),2026-10-04,other,paper,1,REA-bcc_00142,2b591572177af47365cf3d626a426a0988f88e68,"sourced image, not photographed by the team; assigned to Hina Kramer's set; item_count not checked"
bcc_00143,images/bcc_00143.jpg,512,512,realwaste,https://github.com/sam-single/realwaste,CC-BY-NC-SA-4.0,Sam Single et al. (RealWaste),2026-10-04,other,paper,1,REA-bcc_00143,a2ea1ec8d5ff414ea0260fa244c6733571262536,"sourced image, not photographed by the team; assigned to Hina Kramer's set; item_count not checked"
bcc_00144,images/bcc_00144.jpg,512,512,realwaste,https://github.com/sam-single/realwaste,CC-BY-NC-SA-4.0,Sam Single et al. (RealWaste),2026-10-04,other,paper,1,REA-bcc_00144,ac3cf896604fea89f4e96b7cd3693527b265de2a,"sourced image, not photographed by the team; assigned to Hina Kramer's set; item_count not checked"
bcc_00145,images/bcc_00145.jpg,512,512,realwaste,https://github.com/sam-single/realwaste,CC-BY-NC-SA-4.0,Sam Single et al. (RealWaste),2026-10-04,other,paper,1,REA-bcc_00145,22483537cd90d9588bb7ccb37dc641f2a1d76037,"sourced image, not photographed by the team; assigned to Hina Kramer's set; item_count not checked"
bcc_00146,images/bcc_00146.jpg,512,512,realwaste,https://github.com/sam-single/realwaste,CC-BY-NC-SA-4.0,Sam Single et al. (RealWaste),2026-10-04,other,paper,1,REA-bcc_00146,e0ef48d6b831e05b8f8e48c9174b06b5631737f1,"sourced image, not photographed by the team; assigned to Hina Kramer's set; item_count not checked"
bcc_00147,images/bcc_00147.jpg,512,512,realwaste,https://github.com/sam-single/realwaste,CC-BY-NC-SA-4.0,Sam Single et al. (RealWaste),2026-10-04,other,paper,1,REA-bcc_00147,f3fa0195d5cb9589a75d0392c28ff6b04e3b67e9,"sourced image, not photographed by the team; assigned to Hina Kramer's set; item_count not checked"
bcc_00148,images/bcc_00148.jpg,512,512,realwaste,https://github.com/sam-single/realwaste,CC-BY-NC-SA-4.0,Sam Single et al. (RealWaste),2026-10-04,other,paper,1,REA-bcc_00148,aeb06ae1f28ba585c5c579e1af76e6a3cdeb4bd9,"sourced image, not photographed by the team; assigned to Hina Kramer's set; item_count not checked"
bcc_00149,images/bcc_00149.jpg,512,512,realwaste,https://github.com/sam-single/realwaste,CC-BY-NC-SA-4.0,Sam Single et al. (RealWaste),2026-10-04,other,paper,1,REA-bcc_00149,74dc0339902e16c964204ca26af93072bd5fceda,"sourced image, not photographed by the team; assigned to Hina Kramer's set; item_count not checked"
bcc_00150,images/bcc_00150.jpg,512,512,realwaste,https://github.com/sam-single/realwaste,CC-BY-NC-SA-4.0,Sam Single et al. (RealWaste),2026-10-04,other,paper,1,REA-bcc_00150,1591c9c3114bff16660cbba7cd3f0a790a54f5eb,"sourced image, not photographed by the team; assigned to Hina Kramer's set; item_count not checked"
bcc_00151,images/bcc_00151.jpg,512,512,realwaste,https://github.com/sam-single/realwaste,CC-BY-NC-SA-4.0,Sam Single et al. (RealWaste),2026-10-04,other,paper,1,REA-bcc_00151,97a1d955c0ed3a249768479add61e6d2fc759c99,"sourced image, not photographed by the team; assigned to Hina Kramer's set; item_count not checked"
bcc_00152,images/bcc_00152.jpg,512,512,realwaste,https://github.com/sam-single/realwaste,CC-BY-NC-SA-4.0,Sam Single et al. (RealWaste),2026-10-04,other,paper,1,REA-bcc_00152,d5733310460bc53acfe69c27a615829a99130698,"sourced image, not photographed by the team; assigned to Hina Kramer's set; item_count not checked"
bcc_00153,images/bcc_00153.jpg,512,512,realwaste,https://github.com/sam-single/realwaste,CC-BY-NC-SA-4.0,Sam Single et al. (RealWaste),2026-10-04,other,paper,1,REA-bcc_00153,e93511bde3809db1999103be3ff8d2dc0ba9e494,"sourced image, not photographed by the team; assigned to Hina Kramer's set; item_count not checked"
bcc_00154,images/bcc_00154.jpg,512,512,realwaste,https://github.com/sam-single/realwaste,CC-BY-NC-SA-4.0,Sam Single et al. (RealWaste),2026-10-04,other,paper,1,REA-bcc_00154,a5b60620660482b1e3328d538beac64a84a83936,"sourced image, not photographed by the team; assigned to Hina Kramer's set; item_count not checked"
bcc_00155,images/bcc_00155.jpg,512,512,realwaste,https://github.com/sam-single/realwaste,CC-BY-NC-SA-4.0,Sam Single et al. (RealWaste),2026-10-04,other,paper,1,REA-bcc_00155,24b829e8e86413a57934adeb38fee4b70d8b63e0,"sourced image, not photographed by the team; assigned to Hina Kramer's set; item_count not checked"
bcc_00156,images/bcc_00156.jpg,512,512,realwaste,https://github.com/sam-single/realwaste,CC-BY-NC-SA-4.0,Sam Single et al. (RealWaste),2026-10-04,other,paper,1,REA-bcc_00156,9157d7db0dda9fc82d684f3e7de19edea017aefe,"sourced image, not photographed by the team; assigned to Hina Kramer's set; item_count not checked"
bcc_00157,images/bcc_00157.jpg,512,512,realwaste,https://github.com/sam-single/realwaste,CC-BY-NC-SA-4.0,Sam Single et al. (RealWaste),2026-10-04,other,paper,1,REA-bcc_00157,d8611e98542c5dad145acbe583cc9ca664084d40,"sourced image, not photographed by the team; assigned to Hina Kramer's set; item_count not checked"
bcc_00158,images/bcc_00158.jpg,512,512,realwaste,https://github.com/sam-single/realwaste,CC-BY-NC-SA-4.0,Sam Single et al. (RealWaste),2026-10-04,other,paper,1,REA-bcc_00158,07788f977d7cfe655614d9b85ea4d7aca5c37f2b,"sourced image, not photographed by the team; assigned to Hina Kramer's set; item_count not checked"
bcc_00159,images/bcc_00159.jpg,512,512,realwaste,https://github.com/sam-single/realwaste,CC-BY-NC-SA-4.0,Sam Single et al. (RealWaste),2026-10-04,other,paper,1,REA-bcc_00159,ede93ea24efd4d0c01b7b35f281ae0b4389521bc,"sourced image, not photographed by the team; assigned to Hina Kramer's set; item_count not checked"
bcc_00160,images/bcc_00160.jpg,512,512,realwaste,https://github.com/sam-single/realwaste,CC-BY-NC-SA-4.0,Sam Single et al. (RealWaste),2026-10-04,other,paper,1,REA-bcc_00160,078520c487d91faf20bf0faf9957b7e7f0753756,"sourced image, not photographed by the team; assigned to Hina Kramer's set; item_count not checked"
bcc_00161,images/bcc_00161.jpg,512,512,realwaste,https://github.com/sam-single/realwaste,CC-BY-NC-SA-4.0,Sam Single et al. (RealWaste),2026-10-04,other,paper,1,REA-bcc_00161,66e6fda2d2cdf032306cc005d3a460567b07e564,"sourced image, not photographed by the team; assigned to Hina Kramer's set; item_count not checked"
bcc_00162,images/bcc_00162.jpg,512,512,realwaste,https://github.com/sam-single/realwaste,CC-BY-NC-SA-4.0,Sam Single et al. (RealWaste),2026-10-04,other,paper,1,REA-bcc_00162,0327760226838aaaac5500296b526b692b3e3ffb,"sourced image, not photographed by the team; assigned to Hina Kramer's set; item_count not checked"
bcc_00163,images/bcc_00163.jpg,512,512,realwaste,https://github.com/sam-single/realwaste,CC-BY-NC-SA-4.0,Sam Single et al. (RealWaste),2026-10-04,other,paper,1,REA-bcc_00163,50a2c1c8e5dc389dec3a528cf4940385b5723340,"sourced image, not photographed by the team; assigned to Hina Kramer's set; item_count not checked"
bcc_00164,images/bcc_00164.jpg,512,512,realwaste,https://github.com/sam-single/realwaste,CC-BY-NC-SA-4.0,Sam Single et al. (RealWaste),2026-10-04,other,paper,1,REA-bcc_00164,cc4207947ad5ff34be4ad252e06c920a7c725611,"sourced image, not photographed by the team; assigned to Hina Kramer's set; item_count not checked"
bcc_00165,images/bcc_00165.jpg,512,512,realwaste,https://github.com/sam-single/realwaste,CC-BY-NC-SA-4.0,Sam Single et al. (RealWaste),2026-10-04,other,paper,1,REA-bcc_00165,849fc828807e334c8879f42b5dc4255c5e481e9f,"sourced image, not photographed by the team; assigned to Hina Kramer's set; item_count not checked"
bcc_00166,images/bcc_00166.jpg,512,512,realwaste,https://github.com/sam-single/realwaste,CC-BY-NC-SA-4.0,Sam Single et al. (RealWaste),2026-10-04,other,paper,1,REA-bcc_00166,824a817f850fed267b8083233254f9083d62708a,"sourced image, not photographed by the team; assigned to Hina Kramer's set; item_count not checked"
bcc_00167,images/bcc_00167.jpg,512,512,realwaste,https://github.com/sam-single/realwaste,CC-BY-NC-SA-4.0,Sam Single et al. (RealWaste),2026-10-04,other,paper,1,REA-bcc_00167,11f1cb4c225ee7eea4d2c400a81405818c1bad06,"sourced image, not photographed by the team; assigned to Hina Kramer's set; item_count not checked"
bcc_00168,images/bcc_00168.jpg,512,512,realwaste,https://github.com/sam-single/realwaste,CC-BY-NC-SA-4.0,Sam Single et al. (RealWaste),2026-10-04,other,paper,1,REA-bcc_00168,838438c5b3dd186fcd3ae7074cef7e2b6f2be077,"sourced image, not photographed by the team; assigned to Hina Kramer's set; item_count not checked"
bcc_00169,images/bcc_00169.jpg,512,512,realwaste,https://github.com/sam-single/realwaste,CC-BY-NC-SA-4.0,Sam Single et al. (RealWaste),2026-10-04,other,paper,1,REA-bcc_00169,2d708e9b68ac7cff74baeb161897139991b5201c,"sourced image, not photographed by the team; assigned to Hina Kramer's set; item_count not checked"
bcc_00170,images/bcc_00170.jpg,512,512,realwaste,https://github.com/sam-single/realwaste,CC-BY-NC-SA-4.0,Sam Single et al. (RealWaste),2026-10-04,other,paper,1,REA-bcc_00170,1f7e5894a331d2535eab369f8e5731683eb4a01c,"sourced image, not photographed by the team; assigned to Hina Kramer's set; item_count not checked"
bcc_00171,images/bcc_00171.jpg,512,512,realwaste,https://github.com/sam-single/realwaste,CC-BY-NC-SA-4.0,Sam Single et al. (RealWaste),2026-10-04,other,paper,1,REA-bcc_00171,10dcd1bc112d70c16b0e2925dd98cf93671ff9a3,"sourced image, not photographed by the team; assigned to Hina Kramer's set; item_count not checked"
bcc_00172,images/bcc_00172.jpg,512,512,realwaste,https://github.com/sam-single/realwaste,CC-BY-NC-SA-4.0,Sam Single et al. (RealWaste),2026-10-04,other,paper,1,REA-bcc_00172,b3144b998aed2f2b38724e39540fed590b0276be,"sourced image, not photographed by the team; assigned to Hina Kramer's set; item_count not checked"
bcc_00173,images/bcc_00173.jpg,512,512,realwaste,https://github.com/sam-single/realwaste,CC-BY-NC-SA-4.0,Sam Single et al. (RealWaste),2026-10-04,other,paper,1,REA-bcc_00173,a50d5d82b2b1853ae29f468f4d46dc8459ddadbe,"sourced image, not photographed by the team; assigned to Hina Kramer's set; item_count not checked"
bcc_00174,images/bcc_00174.jpg,512,512,realwaste,https://github.com/sam-single/realwaste,CC-BY-NC-SA-4.0,Sam Single et al. (RealWaste),2026-10-04,other,paper,1,REA-bcc_00174,b344f3529f32bc0d72926dc07ce03faf23e76595,"sourced image, not photographed by the team; assigned to Hina Kramer's set; item_count not checked"
bcc_00175,images/bcc_00175.jpg,512,512,realwaste,https://github.com/sam-single/realwaste,CC-BY-NC-SA-4.0,Sam Single et al. (RealWaste),2026-10-04,other,paper,1,REA-bcc_00175,85a8ccb7f2c46730b274fa1baa64698829c9655e,"sourced image, not photographed by the team; assigned to Hina Kramer's set; item_count not checked"
bcc_00176,images/bcc_00176.jpg,512,512,realwaste,https://github.com/sam-single/realwaste,CC-BY-NC-SA-4.0,Sam Single et al. (RealWaste),2026-10-04,other,paper,1,REA-bcc_00176,ce9fbef61c2754bedc52e060e8961fb44da22c7d,"sourced image, not photographed by the team; assigned to Hina Kramer's set; item_count not checked"
bcc_00177,images/bcc_00177.jpg,512,512,realwaste,https://github.com/sam-single/realwaste,CC-BY-NC-SA-4.0,Sam Single et al. (RealWaste),2026-10-04,other,paper,1,REA-bcc_00177,70bda81cb70d522c9817f6253114e7a3f3f5df45,"sourced image, not photographed by the team; assigned to Hina Kramer's set; item_count not checked"
bcc_00178,images/bcc_00178.jpg,512,512,realwaste,https://github.com/sam-single/realwaste,CC-BY-NC-SA-4.0,Sam Single et al. (RealWaste),2026-10-04,other,paper,1,REA-bcc_00178,0fc89cb1423c5894f9784c25b128e736a03145de,"sourced image, not photographed by the team; assigned to Hina Kramer's set; item_count not checked"
bcc_00179,images/bcc_00179.jpg,512,512,realwaste,https://github.com/sam-single/realwaste,CC-BY-NC-SA-4.0,Sam Single et al. (RealWaste),2026-10-04,other,paper,1,REA-bcc_00179,34029d6bf4a770cbb1374e04182262befb4d2461,"sourced image, not photographed by the team; assigned to Hina Kramer's set; item_count not checked"
bcc_00180,images/bcc_00180.jpg,512,512,realwaste,https://github.com/sam-single/realwaste,CC-BY-NC-SA-4.0,Sam Single et al. (RealWaste),2026-10-04,other,paper,1,REA-bcc_00180,f6633b9d275dcec8312161ca6521d88a66c4ea82,"sourced image, not photographed by the team; assigned to Hina Kramer's set; item_count not checked"
bcc_00181,images/bcc_00181.jpg,512,512,realwaste,https://github.com/sam-single/realwaste,CC-BY-NC-SA-4.0,Sam Single et al. (RealWaste),2026-10-04,other,paper,1,REA-bcc_00181,bb475bf7dfe7090b4e114eb381d1529a71e802f5,"sourced image, not photographed by the team; assigned to Hina Kramer's set; item_count not checked"
bcc_00182,images/bcc_00182.jpg,512,512,realwaste,https://github.com/sam-single/realwaste,CC-BY-NC-SA-4.0,Sam Single et al. (RealWaste),2026-10-04,other,paper,1,REA-bcc_00182,60973200a079e36da76cfa1d0d0336049c8c8f9b,"sourced image, not photographed by the team; assigned to Hina Kramer's set; item_count not checked"
bcc_00183,images/bcc_00183.jpg,512,512,realwaste,https://github.com/sam-single/realwaste,CC-BY-NC-SA-4.0,Sam Single et al. (RealWaste),2026-10-04,other,paper,1,REA-bcc_00183,498fda6571f509a0abc6feed4cd021c863f318b0,"sourced image, not photographed by the team; assigned to Hina Kramer's set; item_count not checked"
bcc_00184,images/bcc_00184.jpg,512,512,realwaste,https://github.com/sam-single/realwaste,CC-BY-NC-SA-4.0,Sam Single et al. (RealWaste),2026-10-04,other,paper,1,REA-bcc_00184,51e63a3469ddedf20cc4900c7e090e1542a2299f,"sourced image, not photographed by the team; assigned to Hina Kramer's set; item_count not checked"
bcc_00185,images/bcc_00185.jpg,512,512,realwaste,https://github.com/sam-single/realwaste,CC-BY-NC-SA-4.0,Sam Single et al. (RealWaste),2026-10-04,other,paper,1,REA-bcc_00185,2a5552bcedecf246d45063b2e365f0ea52057b00,"sourced image, not photographed by the team; assigned to Hina Kramer's set; item_count not checked"
bcc_00186,images/bcc_00186.jpg,512,512,realwaste,https://github.com/sam-single/realwaste,CC-BY-NC-SA-4.0,Sam Single et al. (RealWaste),2026-10-04,other,paper,1,REA-bcc_00186,49dc3ab3a38319042bd9cc573714ee2efc83fe28,"sourced image, not photographed by the team; assigned to Hina Kramer's set; item_count not checked"
bcc_00187,images/bcc_00187.jpg,512,512,realwaste,https://github.com/sam-single/realwaste,CC-BY-NC-SA-4.0,Sam Single et al. (RealWaste),2026-10-04,other,paper,1,REA-bcc_00187,14aa05b5c7d17278e6ac46b8768d5d0e274af606,"sourced image, not photographed by the team; assigned to Hina Kramer's set; item_count not checked"
bcc_00188,images/bcc_00188.jpg,512,512,realwaste,https://github.com/sam-single/realwaste,CC-BY-NC-SA-4.0,Sam Single et al. (RealWaste),2026-10-04,other,paper,1,REA-bcc_00188,a642505bd118a07102f19fa949b0dc0e94f49f55,"sourced image, not photographed by the team; assigned to Hina Kramer's set; item_count not checked"
bcc_00189,images/bcc_00189.jpg,512,512,realwaste,https://github.com/sam-single/realwaste,CC-BY-NC-SA-4.0,Sam Single et al. (RealWaste),2026-10-04,other,paper,1,REA-bcc_00189,2efa745f61826adeb9b2be063600624176ec4609,"sourced image, not photographed by the team; assigned to Hina Kramer's set; item_count not checked"
bcc_00190,images/bcc_00190.jpg,512,512,realwaste,https://github.com/sam-single/realwaste,CC-BY-NC-SA-4.0,Sam Single et al. (RealWaste),2026-10-04,other,paper,1,REA-bcc_00190,47340f7b73ae2bc9ae255369fe0a45bb3232afa2,"sourced image, not photographed by the team; assigned to Hina Kramer's set; item_count not checked"
bcc_00191,images/bcc_00191.jpg,512,512,realwaste,https://github.com/sam-single/realwaste,CC-BY-NC-SA-4.0,Sam Single et al. (RealWaste),2026-10-04,other,paper,1,REA-bcc_00191,901e37a3981283916099a7d7e00ed8fa9d457deb,"sourced image, not photographed by the team; assigned to Hina Kramer's set; item_count not checked"
bcc_00192,images/bcc_00192.jpg,512,512,realwaste,https://github.com/sam-single/realwaste,CC-BY-NC-SA-4.0,Sam Single et al. (RealWaste),2026-10-04,other,paper,1,REA-bcc_00192,fc39aa8f49e6992746a34df06e96e4fe00d15466,"sourced image, not photographed by the team; assigned to Hina Kramer's set; item_count not checked"
bcc_00193,images/bcc_00193.jpg,512,512,realwaste,https://github.com/sam-single/realwaste,CC-BY-NC-SA-4.0,Sam Single et al. (RealWaste),2026-10-04,other,paper,1,REA-bcc_00193,2bf50315976c1a62a6731d0d998d4f73561481ed,"sourced image, not photographed by the team; assigned to Khurram Shafique's set; item_count not checked"
bcc_00194,images/bcc_00194.jpg,512,512,realwaste,https://github.com/sam-single/realwaste,CC-BY-NC-SA-4.0,Sam Single et al. (RealWaste),2026-10-04,other,paper,1,REA-bcc_00194,aa43ff3e0448380d2b6810b0c5f9769000d95ab2,"sourced image, not photographed by the team; assigned to Khurram Shafique's set; item_count not checked"
bcc_00195,images/bcc_00195.jpg,512,512,realwaste,https://github.com/sam-single/realwaste,CC-BY-NC-SA-4.0,Sam Single et al. (RealWaste),2026-10-04,other,paper,1,REA-bcc_00195,27f10060e7c04528d9280412f2a05c22aaaee999,"sourced image, not photographed by the team; assigned to Khurram Shafique's set; item_count not checked"
bcc_00196,images/bcc_00196.jpg,512,512,realwaste,https://github.com/sam-single/realwaste,CC-BY-NC-SA-4.0,Sam Single et al. (RealWaste),2026-10-04,other,paper,1,REA-bcc_00196,4f9313a730efd1a57db49f84d8198ebfa9668143,"sourced image, not photographed by the team; assigned to Khurram Shafique's set; item_count not checked"
bcc_00197,images/bcc_00197.jpg,512,512,realwaste,https://github.com/sam-single/realwaste,CC-BY-NC-SA-4.0,Sam Single et al. (RealWaste),2026-10-04,other,paper,1,REA-bcc_00197,4985b97e084f2e659503db29c0f9e32b172803ac,"sourced image, not photographed by the team; assigned to Khurram Shafique's set; item_count not checked"
bcc_00198,images/bcc_00198.jpg,512,512,realwaste,https://github.com/sam-single/realwaste,CC-BY-NC-SA-4.0,Sam Single et al. (RealWaste),2026-10-04,other,paper,1,REA-bcc_00198,4e3816f6b1b75e01b7288290fcc410beededcb14,"sourced image, not photographed by the team; assigned to Khurram Shafique's set; item_count not checked"
bcc_00199,images/bcc_00199.jpg,512,512,realwaste,https://github.com/sam-single/realwaste,CC-BY-NC-SA-4.0,Sam Single et al. (RealWaste),2026-10-04,other,paper,1,REA-bcc_00199,32b348a7696b5e557180f690f4d2e126d91626ef,"sourced image, not photographed by the team; assigned to Khurram Shafique's set; item_count not checked"
bcc_00200,images/bcc_00200.jpg,512,512,realwaste,https://github.com/sam-single/realwaste,CC-BY-NC-SA-4.0,Sam Single et al. (RealWaste),2026-10-04,other,paper,1,REA-bcc_00200,9d88ca35107dc6a2e03522317add402240199cbc,"sourced image, not photographed by the team; assigned to Khurram Shafique's set; item_count not checked"
bcc_00201,images/bcc_00201.jpg,512,512,realwaste,https://github.com/sam-single/realwaste,CC-BY-NC-SA-4.0,Sam Single et al. (RealWaste),2026-10-04,other,paper,1,REA-bcc_00201,39d37f819d9495891b4c63da1db0b055d57f43fd,"sourced image, not photographed by the team; assigned to Khurram Shafique's set; item_count not checked"
bcc_00202,images/bcc_00202.jpg,512,512,realwaste,https://github.com/sam-single/realwaste,CC-BY-NC-SA-4.0,Sam Single et al. (RealWaste),2026-10-04,other,paper,1,REA-bcc_00202,88929926a865508065da1cb85561552a837f6ce3,"sourced image, not photographed by the team; assigned to Khurram Shafique's set; item_count not checked"
bcc_00203,images/bcc_00203.jpg,512,512,realwaste,https://github.com/sam-single/realwaste,CC-BY-NC-SA-4.0,Sam Single et al. (RealWaste),2026-10-04,other,paper,1,REA-bcc_00203,6da4a00caf25351fa2920e2bd966085a005a6ab4,"sourced image, not photographed by the team; assigned to Khurram Shafique's set; item_count not checked"
bcc_00204,images/bcc_00204.jpg,512,512,realwaste,https://github.com/sam-single/realwaste,CC-BY-NC-SA-4.0,Sam Single et al. (RealWaste),2026-10-04,other,paper,1,REA-bcc_00204,b6230620e1298e606dfe49c115255f49f9e32786,"sourced image, not photographed by the team; assigned to Khurram Shafique's set; item_count not checked"
bcc_00205,images/bcc_00205.jpg,512,512,realwaste,https://github.com/sam-single/realwaste,CC-BY-NC-SA-4.0,Sam Single et al. (RealWaste),2026-10-04,other,paper,1,REA-bcc_00205,22a2f6e11debac09a0ae83de7770361a471182d4,"sourced image, not photographed by the team; assigned to Khurram Shafique's set; item_count not checked"
bcc_00206,images/bcc_00206.jpg,512,512,realwaste,https://github.com/sam-single/realwaste,CC-BY-NC-SA-4.0,Sam Single et al. (RealWaste),2026-10-04,other,paper,1,REA-bcc_00206,f2bca61a9608c1317c368e25d3c1de3af28ea0d7,"sourced image, not photographed by the team; assigned to Khurram Shafique's set; item_count not checked"
bcc_00207,images/bcc_00207.jpg,512,512,realwaste,https://github.com/sam-single/realwaste,CC-BY-NC-SA-4.0,Sam Single et al. (RealWaste),2026-10-04,other,paper,1,REA-bcc_00207,3de7a16a6baf5ea59e74cdb6b9fdf3a7dc5ebebe,"sourced image, not photographed by the team; assigned to Khurram Shafique's set; item_count not checked"
bcc_00208,images/bcc_00208.jpg,512,512,realwaste,https://github.com/sam-single/realwaste,CC-BY-NC-SA-4.0,Sam Single et al. (RealWaste),2026-10-04,other,paper,1,REA-bcc_00208,3e4bf2e40ff561d64573bc422bb855fc50b1b180,"sourced image, not photographed by the team; assigned to Khurram Shafique's set; item_count not checked"
bcc_00209,images/bcc_00209.jpg,512,512,realwaste,https://github.com/sam-single/realwaste,CC-BY-NC-SA-4.0,Sam Single et al. (RealWaste),2026-10-04,other,paper,1,REA-bcc_00209,546a5343bfcc993513940edfd9f28a471121f760,"sourced image, not photographed by the team; assigned to Khurram Shafique's set; item_count not checked"
bcc_00210,images/bcc_00210.jpg,512,512,realwaste,https://github.com/sam-single/realwaste,CC-BY-NC-SA-4.0,Sam Single et al. (RealWaste),2026-10-04,other,paper,1,REA-bcc_00210,1e4f3aa32374b17eca1e2e08cddefe2204a29a0a,"sourced image, not photographed by the team; assigned to Khurram Shafique's set; item_count not checked"
bcc_00211,images/bcc_00211.jpg,512,512,realwaste,https://github.com/sam-single/realwaste,CC-BY-NC-SA-4.0,Sam Single et al. (RealWaste),2026-10-04,other,paper,1,REA-bcc_00211,7ed2c08aa96ec8e5e10a03c0b2308d694eb6106a,"sourced image, not photographed by the team; assigned to Khurram Shafique's set; item_count not checked"
bcc_00212,images/bcc_00212.jpg,512,512,realwaste,https://github.com/sam-single/realwaste,CC-BY-NC-SA-4.0,Sam Single et al. (RealWaste),2026-10-04,other,paper,1,REA-bcc_00212,67493a87265a3732b71d095f7bd88067c589e57c,"sourced image, not photographed by the team; assigned to Khurram Shafique's set; item_count not checked"
bcc_00213,images/bcc_00213.jpg,512,512,realwaste,https://github.com/sam-single/realwaste,CC-BY-NC-SA-4.0,Sam Single et al. (RealWaste),2026-10-04,other,paper,1,REA-bcc_00213,19c672d6b2e3738363f08fa660fea1403fa6859b,"sourced image, not photographed by the team; assigned to Khurram Shafique's set; item_count not checked"
bcc_00214,images/bcc_00214.jpg,512,512,realwaste,https://github.com/sam-single/realwaste,CC-BY-NC-SA-4.0,Sam Single et al. (RealWaste),2026-10-04,other,paper,1,REA-bcc_00214,1ca0430960c8ab88a20f71c7f40e0e70ae85a8ee,"sourced image, not photographed by the team; assigned to Khurram Shafique's set; item_count not checked"
bcc_00215,images/bcc_00215.jpg,512,512,realwaste,https://github.com/sam-single/realwaste,CC-BY-NC-SA-4.0,Sam Single et al. (RealWaste),2026-10-04,other,paper,1,REA-bcc_00215,bc2f18c5ccc7a29bb2571bbcd35936fc5052b244,"sourced image, not photographed by the team; assigned to Khurram Shafique's set; item_count not checked"
bcc_00216,images/bcc_00216.jpg,512,512,realwaste,https://github.com/sam-single/realwaste,CC-BY-NC-SA-4.0,Sam Single et al. (RealWaste),2026-10-04,other,paper,1,REA-bcc_00216,e698a0b74c0ae399554d7c9bfacd9985293ce8eb,"sourced image, not photographed by the team; assigned to Khurram Shafique's set; item_count not checked"
bcc_00217,images/bcc_00217.jpg,512,512,realwaste,https://github.com/sam-single/realwaste,CC-BY-NC-SA-4.0,Sam Single et al. (RealWaste),2026-10-04,other,paper,1,REA-bcc_00217,55b55f91ea28c64ed3ddf64ec7464993b0197225,"sourced image, not photographed by the team; assigned to Khurram Shafique's set; item_count not checked"
bcc_00218,images/bcc_00218.jpg,512,512,realwaste,https://github.com/sam-single/realwaste,CC-BY-NC-SA-4.0,Sam Single et al. (RealWaste),2026-10-04,other,containers,1,REA-bcc_00218,b3936f14b3c75a40f242beaeb9e332b5fd7b98c7,"sourced image, not photographed by the team; assigned to Daud Jan's set; item_count not checked"
bcc_00219,images/bcc_00219.jpg,512,512,realwaste,https://github.com/sam-single/realwaste,CC-BY-NC-SA-4.0,Sam Single et al. (RealWaste),2026-10-04,other,containers,1,REA-bcc_00219,bb73447d411dbd70285e93c549099458f70ce2fe,"sourced image, not photographed by the team; assigned to Daud Jan's set; item_count not checked"
bcc_00220,images/bcc_00220.jpg,512,512,realwaste,https://github.com/sam-single/realwaste,CC-BY-NC-SA-4.0,Sam Single et al. (RealWaste),2026-10-04,other,containers,1,REA-bcc_00220,e2afb570cd3264d1971dd4d32cd721319fa9d9ea,"sourced image, not photographed by the team; assigned to Daud Jan's set; item_count not checked"
bcc_00221,images/bcc_00221.jpg,512,512,realwaste,https://github.com/sam-single/realwaste,CC-BY-NC-SA-4.0,Sam Single et al. (RealWaste),2026-10-04,other,containers,1,REA-bcc_00221,935c8cd24188f8935ac595a38300e7d3d3ec100b,"sourced image, not photographed by the team; assigned to Daud Jan's set; item_count not checked"
bcc_00222,images/bcc_00222.jpg,512,512,realwaste,https://github.com/sam-single/realwaste,CC-BY-NC-SA-4.0,Sam Single et al. (RealWaste),2026-10-04,other,containers,1,REA-bcc_00222,a0a45a928e00b3a353c969a940b05f2f67a83f99,"sourced image, not photographed by the team; assigned to Daud Jan's set; item_count not checked"
bcc_00223,images/bcc_00223.jpg,512,512,realwaste,https://github.com/sam-single/realwaste,CC-BY-NC-SA-4.0,Sam Single et al. (RealWaste),2026-10-04,other,containers,1,REA-bcc_00223,07ba1cc5995ba20a6b28ee551a7dcb06671bc240,"sourced image, not photographed by the team; assigned to Daud Jan's set; item_count not checked"
bcc_00224,images/bcc_00224.jpg,512,512,realwaste,https://github.com/sam-single/realwaste,CC-BY-NC-SA-4.0,Sam Single et al. (RealWaste),2026-10-04,other,containers,1,REA-bcc_00224,47f2d2ba9b40037b7d08932c3ef97d61ec5707f2,"sourced image, not photographed by the team; assigned to Daud Jan's set; item_count not checked"
bcc_00225,images/bcc_00225.jpg,512,512,realwaste,https://github.com/sam-single/realwaste,CC-BY-NC-SA-4.0,Sam Single et al. (RealWaste),2026-10-04,other,containers,1,REA-bcc_00225,354d62573983bf2854c4e46653c473aaa7f668af,"sourced image, not photographed by the team; assigned to Daud Jan's set; item_count not checked"
bcc_00226,images/bcc_00226.jpg,512,512,realwaste,https://github.com/sam-single/realwaste,CC-BY-NC-SA-4.0,Sam Single et al. (RealWaste),2026-10-04,other,containers,1,REA-bcc_00226,7e1a1d94af4cbaf1d48cbd31d69b6005ccf4d14b,"sourced image, not photographed by the team; assigned to Daud Jan's set; item_count not checked"
bcc_00227,images/bcc_00227.jpg,512,512,realwaste,https://github.com/sam-single/realwaste,CC-BY-NC-SA-4.0,Sam Single et al. (RealWaste),2026-10-04,other,containers,1,REA-bcc_00227,71035eca3bdf50b1593900d9130bf3823a37092e,"sourced image, not photographed by the team; assigned to Daud Jan's set; item_count not checked"
bcc_00228,images/bcc_00228.jpg,512,512,realwaste,https://github.com/sam-single/realwaste,CC-BY-NC-SA-4.0,Sam Single et al. (RealWaste),2026-10-04,other,containers,1,REA-bcc_00228,435359a0583889b81f53e6b515ec0e9b74bf9ca7,"sourced image, not photographed by the team; assigned to Daud Jan's set; item_count not checked"
bcc_00229,images/bcc_00229.jpg,512,512,realwaste,https://github.com/sam-single/realwaste,CC-BY-NC-SA-4.0,Sam Single et al. (RealWaste),2026-10-04,other,containers,1,REA-bcc_00229,694d25af172a0a95677ad6ef47e768af52372a62,"sourced image, not photographed by the team; assigned to Daud Jan's set; item_count not checked"
bcc_00230,images/bcc_00230.jpg,512,512,realwaste,https://github.com/sam-single/realwaste,CC-BY-NC-SA-4.0,Sam Single et al. (RealWaste),2026-10-04,other,containers,1,REA-bcc_00230,94cdbf2224af71d4315409e79f071adfc6bd9b72,"sourced image, not photographed by the team; assigned to Daud Jan's set; item_count not checked"
bcc_00231,images/bcc_00231.jpg,512,512,realwaste,https://github.com/sam-single/realwaste,CC-BY-NC-SA-4.0,Sam Single et al. (RealWaste),2026-10-04,other,containers,1,REA-bcc_00231,8734a3b625abf309b7f9ec1171eb7328f1609231,"sourced image, not photographed by the team; assigned to Daud Jan's set; item_count not checked"
bcc_00232,images/bcc_00232.jpg,512,512,realwaste,https://github.com/sam-single/realwaste,CC-BY-NC-SA-4.0,Sam Single et al. (RealWaste),2026-10-04,other,containers,1,REA-bcc_00232,4b7907120a6346b67f4a57eff36442901f1f6c12,"sourced image, not photographed by the team; assigned to Daud Jan's set; item_count not checked"
bcc_00233,images/bcc_00233.jpg,512,512,realwaste,https://github.com/sam-single/realwaste,CC-BY-NC-SA-4.0,Sam Single et al. (RealWaste),2026-10-04,other,containers,1,REA-bcc_00233,92f81804a659eca26241ad04d4d6eb10ff11fbba,"sourced image, not photographed by the team; assigned to Daud Jan's set; item_count not checked"
bcc_00234,images/bcc_00234.jpg,512,512,realwaste,https://github.com/sam-single/realwaste,CC-BY-NC-SA-4.0,Sam Single et al. (RealWaste),2026-10-04,other,containers,1,REA-bcc_00234,e64a4efd964cd241993f845447a7d3076f4bfac1,"sourced image, not photographed by the team; assigned to Daud Jan's set; item_count not checked"
bcc_00235,images/bcc_00235.jpg,512,512,realwaste,https://github.com/sam-single/realwaste,CC-BY-NC-SA-4.0,Sam Single et al. (RealWaste),2026-10-04,other,containers,1,REA-bcc_00235,7389d4d9aa85238c8ef8449e3867e0b17d7f7c46,"sourced image, not photographed by the team; assigned to Daud Jan's set; item_count not checked"
bcc_00236,images/bcc_00236.jpg,512,512,realwaste,https://github.com/sam-single/realwaste,CC-BY-NC-SA-4.0,Sam Single et al. (RealWaste),2026-10-04,other,containers,1,REA-bcc_00236,24631dc8de8e725442423bdc35038c2f12d78a8f,"sourced image, not photographed by the team; assigned to Daud Jan's set; item_count not checked"
bcc_00237,images/bcc_00237.jpg,512,512,realwaste,https://github.com/sam-single/realwaste,CC-BY-NC-SA-4.0,Sam Single et al. (RealWaste),2026-10-04,other,containers,1,REA-bcc_00237,11f39d7eb33d5c0aa37a6a0e0900356fbaeb11da,"sourced image, not photographed by the team; assigned to Daud Jan's set; item_count not checked"
bcc_00238,images/bcc_00238.jpg,512,512,realwaste,https://github.com/sam-single/realwaste,CC-BY-NC-SA-4.0,Sam Single et al. (RealWaste),2026-10-04,other,containers,1,REA-bcc_00238,694f22553eceeb81d988d16d9811000cdc0153e8,"sourced image, not photographed by the team; assigned to Daud Jan's set; item_count not checked"
bcc_00239,images/bcc_00239.jpg,512,512,realwaste,https://github.com/sam-single/realwaste,CC-BY-NC-SA-4.0,Sam Single et al. (RealWaste),2026-10-04,other,containers,1,REA-bcc_00239,119f7ab2b7fb4aab3ebce65424d5bf3a01ea2a77,"sourced image, not photographed by the team; assigned to Daud Jan's set; item_count not checked"
bcc_00240,images/bcc_00240.jpg,512,512,realwaste,https://github.com/sam-single/realwaste,CC-BY-NC-SA-4.0,Sam Single et al. (RealWaste),2026-10-04,other,containers,1,REA-bcc_00240,0480d25f5d02c1c317d5d096f556d005953a4329,"sourced image, not photographed by the team; assigned to Daud Jan's set; item_count not checked"
bcc_00241,images/bcc_00241.jpg,512,512,realwaste,https://github.com/sam-single/realwaste,CC-BY-NC-SA-4.0,Sam Single et al. (RealWaste),2026-10-04,other,containers,1,REA-bcc_00241,6147ff5e967ea7ec8d439d7ff2a40497c8fedafa,"sourced image, not photographed by the team; assigned to Daud Jan's set; item_count not checked"
bcc_00242,images/bcc_00242.jpg,512,512,realwaste,https://github.com/sam-single/realwaste,CC-BY-NC-SA-4.0,Sam Single et al. (RealWaste),2026-10-04,other,containers,1,REA-bcc_00242,9888b2b09be6168b062385f3ceec6f0adbca519e,"sourced image, not photographed by the team; assigned to Daud Jan's set; item_count not checked"
bcc_00243,images/bcc_00243.jpg,512,512,realwaste,https://github.com/sam-single/realwaste,CC-BY-NC-SA-4.0,Sam Single et al. (RealWaste),2026-10-04,other,containers,1,REA-bcc_00243,eb872490211c905ae4d3c3ee4fea1bf515302047,"sourced image, not photographed by the team; assigned to Daud Jan's set; item_count not checked"
bcc_00244,images/bcc_00244.jpg,512,512,realwaste,https://github.com/sam-single/realwaste,CC-BY-NC-SA-4.0,Sam Single et al. (RealWaste),2026-10-04,other,containers,1,REA-bcc_00244,a15daf216f7af80d43fd4984f0aaf7a485e30434,"sourced image, not photographed by the team; assigned to Daud Jan's set; item_count not checked"
bcc_00245,images/bcc_00245.jpg,512,512,realwaste,https://github.com/sam-single/realwaste,CC-BY-NC-SA-4.0,Sam Single et al. (RealWaste),2026-10-04,other,containers,1,REA-bcc_00245,2cc891477f73c04ca6882785e4777157c6ebb3a7,"sourced image, not photographed by the team; assigned to Daud Jan's set; item_count not checked"
bcc_00246,images/bcc_00246.jpg,512,512,realwaste,https://github.com/sam-single/realwaste,CC-BY-NC-SA-4.0,Sam Single et al. (RealWaste),2026-10-04,other,containers,1,REA-bcc_00246,bf5b0df6faed0a72b2d0769f2223ce6a8a02fc00,"sourced image, not photographed by the team; assigned to Daud Jan's set; item_count not checked"
bcc_00247,images/bcc_00247.jpg,512,512,realwaste,https://github.com/sam-single/realwaste,CC-BY-NC-SA-4.0,Sam Single et al. (RealWaste),2026-10-04,other,containers,1,REA-bcc_00247,372f0ddc4dc57df0813fac47604d1da7693f5332,"sourced image, not photographed by the team; assigned to Daud Jan's set; item_count not checked"
bcc_00248,images/bcc_00248.jpg,512,512,realwaste,https://github.com/sam-single/realwaste,CC-BY-NC-SA-4.0,Sam Single et al. (RealWaste),2026-10-04,other,containers,1,REA-bcc_00248,d4560cce73b717d75a5eef3a336f6eb2ad6d6e98,"sourced image, not photographed by the team; assigned to Daud Jan's set; item_count not checked"
bcc_00249,images/bcc_00249.jpg,512,512,realwaste,https://github.com/sam-single/realwaste,CC-BY-NC-SA-4.0,Sam Single et al. (RealWaste),2026-10-04,other,containers,1,REA-bcc_00249,c8c9348e950caafafeb17903f195ea4d854f88f7,"sourced image, not photographed by the team; assigned to Daud Jan's set; item_count not checked"
bcc_00250,images/bcc_00250.jpg,512,512,realwaste,https://github.com/sam-single/realwaste,CC-BY-NC-SA-4.0,Sam Single et al. (RealWaste),2026-10-04,other,containers,1,REA-bcc_00250,82f66d33c8bf6a787debf1658dc755c8bb3db8b5,"sourced image, not photographed by the team; assigned to Daud Jan's set; item_count not checked"
bcc_00251,images/bcc_00251.jpg,512,512,realwaste,https://github.com/sam-single/realwaste,CC-BY-NC-SA-4.0,Sam Single et al. (RealWaste),2026-10-04,other,containers,1,REA-bcc_00251,e7cd9d11cf6691006db6f6f5057b369b338c2c34,"sourced image, not photographed by the team; assigned to Daud Jan's set; item_count not checked"
bcc_00252,images/bcc_00252.jpg,512,512,realwaste,https://github.com/sam-single/realwaste,CC-BY-NC-SA-4.0,Sam Single et al. (RealWaste),2026-10-04,other,containers,1,REA-bcc_00252,2d8678d0177145f9511122f8c8ff8f8643a8713d,"sourced image, not photographed by the team; assigned to Daud Jan's set; item_count not checked"
bcc_00253,images/bcc_00253.jpg,512,512,realwaste,https://github.com/sam-single/realwaste,CC-BY-NC-SA-4.0,Sam Single et al. (RealWaste),2026-10-04,other,containers,1,REA-bcc_00253,4d6ffa7c86e2778bd0313206c616c45718e9640b,"sourced image, not photographed by the team; assigned to Daud Jan's set; item_count not checked"
bcc_00254,images/bcc_00254.jpg,512,512,realwaste,https://github.com/sam-single/realwaste,CC-BY-NC-SA-4.0,Sam Single et al. (RealWaste),2026-10-04,other,containers,1,REA-bcc_00254,05d6d29923b3f27c727ba4409ad837440aafaaa1,"sourced image, not photographed by the team; assigned to Daud Jan's set; item_count not checked"
bcc_00255,images/bcc_00255.jpg,512,512,realwaste,https://github.com/sam-single/realwaste,CC-BY-NC-SA-4.0,Sam Single et al. (RealWaste),2026-10-04,other,containers,1,REA-bcc_00255,395a959a13fd83e65ba8730ba1ae6e694beba762,"sourced image, not photographed by the team; assigned to Daud Jan's set; item_count not checked"
bcc_00256,images/bcc_00256.jpg,512,512,realwaste,https://github.com/sam-single/realwaste,CC-BY-NC-SA-4.0,Sam Single et al. (RealWaste),2026-10-04,other,containers,1,REA-bcc_00256,0c32bf9ccb11e3b0288e8291afdb6568d33853a9,"sourced image, not photographed by the team; assigned to Daud Jan's set; item_count not checked"
bcc_00257,images/bcc_00257.jpg,512,512,realwaste,https://github.com/sam-single/realwaste,CC-BY-NC-SA-4.0,Sam Single et al. (RealWaste),2026-10-04,other,containers,1,REA-bcc_00257,4c3bf64938802de4b779eeeff6dba76bd02445e8,"sourced image, not photographed by the team; assigned to Daud Jan's set; item_count not checked"
bcc_00258,images/bcc_00258.jpg,512,512,realwaste,https://github.com/sam-single/realwaste,CC-BY-NC-SA-4.0,Sam Single et al. (RealWaste),2026-10-04,other,containers,1,REA-bcc_00258,ebf32532a84ab3dacc89180ac7e5c2f70e64008d,"sourced image, not photographed by the team; assigned to Daud Jan's set; item_count not checked"
bcc_00259,images/bcc_00259.jpg,512,512,realwaste,https://github.com/sam-single/realwaste,CC-BY-NC-SA-4.0,Sam Single et al. (RealWaste),2026-10-04,other,containers,1,REA-bcc_00259,efa12044e3c4ac3fb443916ee22ca05f00569a18,"sourced image, not photographed by the team; assigned to Daud Jan's set; item_count not checked"
bcc_00260,images/bcc_00260.jpg,512,512,realwaste,https://github.com/sam-single/realwaste,CC-BY-NC-SA-4.0,Sam Single et al. (RealWaste),2026-10-04,other,containers,1,REA-bcc_00260,a09e5093bda88663a1174481c78a706f8b0a098b,"sourced image, not photographed by the team; assigned to Daud Jan's set; item_count not checked"
bcc_00261,images/bcc_00261.jpg,512,512,realwaste,https://github.com/sam-single/realwaste,CC-BY-NC-SA-4.0,Sam Single et al. (RealWaste),2026-10-04,other,containers,1,REA-bcc_00261,3e95a27c699ebb996bb513ff3eb9bc67c4b69653,"sourced image, not photographed by the team; assigned to Daud Jan's set; item_count not checked"
bcc_00262,images/bcc_00262.jpg,512,512,realwaste,https://github.com/sam-single/realwaste,CC-BY-NC-SA-4.0,Sam Single et al. (RealWaste),2026-10-04,other,containers,1,REA-bcc_00262,8448e80acb5db57e8d69bc702d34469fa6e83055,"sourced image, not photographed by the team; assigned to Daud Jan's set; item_count not checked"
bcc_00263,images/bcc_00263.jpg,512,512,realwaste,https://github.com/sam-single/realwaste,CC-BY-NC-SA-4.0,Sam Single et al. (RealWaste),2026-10-04,other,containers,1,REA-bcc_00263,f2fd26b5da213aaca1f25046598e44d5154e300c,"sourced image, not photographed by the team; assigned to Daud Jan's set; item_count not checked"
bcc_00264,images/bcc_00264.jpg,512,512,realwaste,https://github.com/sam-single/realwaste,CC-BY-NC-SA-4.0,Sam Single et al. (RealWaste),2026-10-04,other,containers,1,REA-bcc_00264,d7028a991dbf13a81685cbd3c9fd27814ecc07fc,"sourced image, not photographed by the team; assigned to Daud Jan's set; item_count not checked"
bcc_00265,images/bcc_00265.jpg,512,512,realwaste,https://github.com/sam-single/realwaste,CC-BY-NC-SA-4.0,Sam Single et al. (RealWaste),2026-10-04,other,containers,1,REA-bcc_00265,6c595f0b81e7e72c41b7154e021687e0118e8f19,"sourced image, not photographed by the team; assigned to Daud Jan's set; item_count not checked"
bcc_00266,images/bcc_00266.jpg,512,512,realwaste,https://github.com/sam-single/realwaste,CC-BY-NC-SA-4.0,Sam Single et al. (RealWaste),2026-10-04,other,containers,1,REA-bcc_00266,c4341c6642f28362c39a0817e73001d7e45aef6f,"sourced image, not photographed by the team; assigned to Daud Jan's set; item_count not checked"
bcc_00267,images/bcc_00267.jpg,512,512,realwaste,https://github.com/sam-single/realwaste,CC-BY-NC-SA-4.0,Sam Single et al. (RealWaste),2026-10-04,other,containers,1,REA-bcc_00267,f05d4193cb440da1c2b7fc57556e20369d2e37dc,"sourced image, not photographed by the team; assigned to Daud Jan's set; item_count not checked"
bcc_00268,images/bcc_00268.jpg,512,512,realwaste,https://github.com/sam-single/realwaste,CC-BY-NC-SA-4.0,Sam Single et al. (RealWaste),2026-10-04,other,containers,1,REA-bcc_00268,0bef8f9512d7b5c71993ffef2a7764493119f190,"sourced image, not photographed by the team; assigned to Daud Jan's set; item_count not checked"
bcc_00269,images/bcc_00269.jpg,512,512,realwaste,https://github.com/sam-single/realwaste,CC-BY-NC-SA-4.0,Sam Single et al. (RealWaste),2026-10-04,other,containers,1,REA-bcc_00269,6e9a04684c5ca91a7d1ae2cfa39d579aa73b8bc8,"sourced image, not photographed by the team; assigned to Daud Jan's set; item_count not checked"
bcc_00270,images/bcc_00270.jpg,512,512,realwaste,https://github.com/sam-single/realwaste,CC-BY-NC-SA-4.0,Sam Single et al. (RealWaste),2026-10-04,other,containers,1,REA-bcc_00270,5a4092c715971336181e436430d80fe2fffa9409,"sourced image, not photographed by the team; assigned to Daud Jan's set; item_count not checked"
bcc_00271,images/bcc_00271.jpg,512,512,realwaste,https://github.com/sam-single/realwaste,CC-BY-NC-SA-4.0,Sam Single et al. (RealWaste),2026-10-04,other,containers,1,REA-bcc_00271,e4632fa41433fc018c9f0d2ae94647e7e647d847,"sourced image, not photographed by the team; assigned to Daud Jan's set; item_count not checked"
bcc_00272,images/bcc_00272.jpg,512,512,realwaste,https://github.com/sam-single/realwaste,CC-BY-NC-SA-4.0,Sam Single et al. (RealWaste),2026-10-04,other,containers,1,REA-bcc_00272,7598236b74e8b317d1d0717e7dab18c6637e0809,"sourced image, not photographed by the team; assigned to Daud Jan's set; item_count not checked"
bcc_00273,images/bcc_00273.jpg,512,512,realwaste,https://github.com/sam-single/realwaste,CC-BY-NC-SA-4.0,Sam Single et al. (RealWaste),2026-10-04,other,containers,1,REA-bcc_00273,6a83a7ad32804d770cf6c30a4c44f4ca8c93e6ff,"sourced image, not photographed by the team; assigned to Daud Jan's set; item_count not checked"
bcc_00274,images/bcc_00274.jpg,512,512,realwaste,https://github.com/sam-single/realwaste,CC-BY-NC-SA-4.0,Sam Single et al. (RealWaste),2026-10-04,other,containers,1,REA-bcc_00274,126a12554a5d47a251108e4dd6add76c940d7068,"sourced image, not photographed by the team; assigned to Daud Jan's set; item_count not checked"
bcc_00275,images/bcc_00275.jpg,512,512,realwaste,https://github.com/sam-single/realwaste,CC-BY-NC-SA-4.0,Sam Single et al. (RealWaste),2026-10-04,other,containers,1,REA-bcc_00275,638a0ab95616b87997449db804b6b921ea6bd161,"sourced image, not photographed by the team; assigned to Daud Jan's set; item_count not checked"
bcc_00276,images/bcc_00276.jpg,512,512,realwaste,https://github.com/sam-single/realwaste,CC-BY-NC-SA-4.0,Sam Single et al. (RealWaste),2026-10-04,other,containers,1,REA-bcc_00276,98ff775b009925d3417e9280da99b4cfc9c42d97,"sourced image, not photographed by the team; assigned to Daud Jan's set; item_count not checked"
bcc_00277,images/bcc_00277.jpg,512,512,realwaste,https://github.com/sam-single/realwaste,CC-BY-NC-SA-4.0,Sam Single et al. (RealWaste),2026-10-04,other,containers,1,REA-bcc_00277,5f2f20a78588402317ba20fceed060863b77beb5,"sourced image, not photographed by the team; assigned to Daud Jan's set; item_count not checked"
bcc_00278,images/bcc_00278.jpg,512,512,realwaste,https://github.com/sam-single/realwaste,CC-BY-NC-SA-4.0,Sam Single et al. (RealWaste),2026-10-04,other,containers,1,REA-bcc_00278,054de49c095aa557577164539b3b066083f8c503,"sourced image, not photographed by the team; assigned to Daud Jan's set; item_count not checked"
bcc_00279,images/bcc_00279.jpg,512,512,realwaste,https://github.com/sam-single/realwaste,CC-BY-NC-SA-4.0,Sam Single et al. (RealWaste),2026-10-04,other,containers,1,REA-bcc_00279,2a7c4f5bd8651024553532f07bf073d99fd567dd,"sourced image, not photographed by the team; assigned to Daud Jan's set; item_count not checked"
bcc_00280,images/bcc_00280.jpg,512,512,realwaste,https://github.com/sam-single/realwaste,CC-BY-NC-SA-4.0,Sam Single et al. (RealWaste),2026-10-04,other,containers,1,REA-bcc_00280,c8daedc7831d0dfae08294ca657a18d1d844a2d9,"sourced image, not photographed by the team; assigned to Daud Jan's set; item_count not checked"
bcc_00281,images/bcc_00281.jpg,512,512,realwaste,https://github.com/sam-single/realwaste,CC-BY-NC-SA-4.0,Sam Single et al. (RealWaste),2026-10-04,other,containers,1,REA-bcc_00281,e0194281f956ebdfff10194e8171ce4c807c9a39,"sourced image, not photographed by the team; assigned to Daud Jan's set; item_count not checked"
bcc_00282,images/bcc_00282.jpg,512,512,realwaste,https://github.com/sam-single/realwaste,CC-BY-NC-SA-4.0,Sam Single et al. (RealWaste),2026-10-04,other,containers,1,REA-bcc_00282,d468fbe5d286c5b59b4b00f8234dc3a6e69d01a4,"sourced image, not photographed by the team; assigned to Daud Jan's set; item_count not checked"
bcc_00283,images/bcc_00283.jpg,512,512,realwaste,https://github.com/sam-single/realwaste,CC-BY-NC-SA-4.0,Sam Single et al. (RealWaste),2026-10-04,other,containers,1,REA-bcc_00283,cc746b82e1da1f9f1f583eeb4ac8547b7fcab1aa,"sourced image, not photographed by the team; assigned to Daud Jan's set; item_count not checked"
bcc_00284,images/bcc_00284.jpg,512,512,realwaste,https://github.com/sam-single/realwaste,CC-BY-NC-SA-4.0,Sam Single et al. (RealWaste),2026-10-04,other,containers,1,REA-bcc_00284,d09564fe54d483a01bb06ca5409fc65d8c795f95,"sourced image, not photographed by the team; assigned to Daud Jan's set; item_count not checked"
bcc_00285,images/bcc_00285.jpg,512,512,realwaste,https://github.com/sam-single/realwaste,CC-BY-NC-SA-4.0,Sam Single et al. (RealWaste),2026-10-04,other,containers,1,REA-bcc_00285,271ad4d9b36a4ca787864d351403d062b9604e93,"sourced image, not photographed by the team; assigned to Daud Jan's set; item_count not checked"
bcc_00286,images/bcc_00286.jpg,512,512,realwaste,https://github.com/sam-single/realwaste,CC-BY-NC-SA-4.0,Sam Single et al. (RealWaste),2026-10-04,other,containers,1,REA-bcc_00286,eb7cdccd1744eaaaf6d90d16bf0850fd95ccc612,"sourced image, not photographed by the team; assigned to Daud Jan's set; item_count not checked"
bcc_00287,images/bcc_00287.jpg,512,512,realwaste,https://github.com/sam-single/realwaste,CC-BY-NC-SA-4.0,Sam Single et al. (RealWaste),2026-10-04,other,containers,1,REA-bcc_00287,aa8a98035a2ff894864ae1e339aa4a53e355ff4a,"sourced image, not photographed by the team; assigned to Daud Jan's set; item_count not checked"
bcc_00288,images/bcc_00288.jpg,512,512,realwaste,https://github.com/sam-single/realwaste,CC-BY-NC-SA-4.0,Sam Single et al. (RealWaste),2026-10-04,other,containers,1,REA-bcc_00288,0385e033b9cefee5efdc222737f0ca61bb1caa6f,"sourced image, not photographed by the team; assigned to Ian Slackta's set; item_count not checked"
bcc_00289,images/bcc_00289.jpg,512,512,realwaste,https://github.com/sam-single/realwaste,CC-BY-NC-SA-4.0,Sam Single et al. (RealWaste),2026-10-04,other,containers,1,REA-bcc_00289,6c06480f6a9e086a8bf59dcbf40e3a470a7413b6,"sourced image, not photographed by the team; assigned to Ian Slackta's set; item_count not checked"
bcc_00290,images/bcc_00290.jpg,512,512,realwaste,https://github.com/sam-single/realwaste,CC-BY-NC-SA-4.0,Sam Single et al. (RealWaste),2026-10-04,other,containers,1,REA-bcc_00290,1cffa31395d1b11c4cee6b94fba8bbe3b6aa2f17,"sourced image, not photographed by the team; assigned to Ian Slackta's set; item_count not checked"
bcc_00291,images/bcc_00291.jpg,512,512,realwaste,https://github.com/sam-single/realwaste,CC-BY-NC-SA-4.0,Sam Single et al. (RealWaste),2026-10-04,other,containers,1,REA-bcc_00291,f99785b066c19675ea367555430a981c9efd2b53,"sourced image, not photographed by the team; assigned to Ian Slackta's set; item_count not checked"
bcc_00292,images/bcc_00292.jpg,512,512,realwaste,https://github.com/sam-single/realwaste,CC-BY-NC-SA-4.0,Sam Single et al. (RealWaste),2026-10-04,other,containers,1,REA-bcc_00292,a2a945cd61f69bee672eff28154850ac55bba9b6,"sourced image, not photographed by the team; assigned to Ian Slackta's set; item_count not checked"
bcc_00293,images/bcc_00293.jpg,512,512,realwaste,https://github.com/sam-single/realwaste,CC-BY-NC-SA-4.0,Sam Single et al. (RealWaste),2026-10-04,other,containers,1,REA-bcc_00293,682c82473988cc4ea3784f9a3eb0fd17e30bd00a,"sourced image, not photographed by the team; assigned to Khurram Shafique's set; item_count not checked"
bcc_00294,images/bcc_00294.jpg,512,512,realwaste,https://github.com/sam-single/realwaste,CC-BY-NC-SA-4.0,Sam Single et al. (RealWaste),2026-10-04,other,containers,1,REA-bcc_00294,ba958fb3e90a477c23d77eb223ac90d12ca94bc2,"sourced image, not photographed by the team; assigned to Khurram Shafique's set; item_count not checked"
bcc_00295,images/bcc_00295.jpg,512,512,realwaste,https://github.com/sam-single/realwaste,CC-BY-NC-SA-4.0,Sam Single et al. (RealWaste),2026-10-04,other,containers,1,REA-bcc_00295,461f73fdda97deeb088dd604873bc834f5d3bde8,"sourced image, not photographed by the team; assigned to Khurram Shafique's set; item_count not checked"
bcc_00296,images/bcc_00296.jpg,512,512,realwaste,https://github.com/sam-single/realwaste,CC-BY-NC-SA-4.0,Sam Single et al. (RealWaste),2026-10-04,other,containers,1,REA-bcc_00296,df180e457d0b557e8e4489a0562bd410bc214d98,"sourced image, not photographed by the team; assigned to Khurram Shafique's set; item_count not checked"
bcc_00297,images/bcc_00297.jpg,512,512,realwaste,https://github.com/sam-single/realwaste,CC-BY-NC-SA-4.0,Sam Single et al. (RealWaste),2026-10-04,other,containers,1,REA-bcc_00297,5de306090a3b337d57235312f4abacdb3223ec12,"sourced image, not photographed by the team; assigned to Khurram Shafique's set; item_count not checked"
bcc_00298,images/bcc_00298.jpg,512,512,realwaste,https://github.com/sam-single/realwaste,CC-BY-NC-SA-4.0,Sam Single et al. (RealWaste),2026-10-04,other,containers,1,REA-bcc_00298,30969942c546d657de3f517d20031707c3fcd735,"sourced image, not photographed by the team; assigned to Khurram Shafique's set; item_count not checked"
bcc_00299,images/bcc_00299.jpg,512,512,realwaste,https://github.com/sam-single/realwaste,CC-BY-NC-SA-4.0,Sam Single et al. (RealWaste),2026-10-04,other,containers,1,REA-bcc_00299,20abc389b1bc1756266903cf17e386eb481b8dec,"sourced image, not photographed by the team; assigned to Khurram Shafique's set; item_count not checked"
bcc_00300,images/bcc_00300.jpg,512,512,realwaste,https://github.com/sam-single/realwaste,CC-BY-NC-SA-4.0,Sam Single et al. (RealWaste),2026-10-04,other,containers,1,REA-bcc_00300,ed586bd3541474063e112cd2522667cc55b2de50,"sourced image, not photographed by the team; assigned to Khurram Shafique's set; item_count not checked"
bcc_00301,images/bcc_00301.jpg,512,512,realwaste,https://github.com/sam-single/realwaste,CC-BY-NC-SA-4.0,Sam Single et al. (RealWaste),2026-10-04,other,containers,1,REA-bcc_00301,6e1f82bc4bd00841ce95b81e8cff418885a4aec8,"sourced image, not photographed by the team; assigned to Khurram Shafique's set; item_count not checked"
bcc_00302,images/bcc_00302.jpg,512,512,realwaste,https://github.com/sam-single/realwaste,CC-BY-NC-SA-4.0,Sam Single et al. (RealWaste),2026-10-04,other,containers,1,REA-bcc_00302,2c9222b219cc5a14e1977cceb1f236068fb41447,"sourced image, not photographed by the team; assigned to Khurram Shafique's set; item_count not checked"
bcc_00303,images/bcc_00303.jpg,512,512,realwaste,https://github.com/sam-single/realwaste,CC-BY-NC-SA-4.0,Sam Single et al. (RealWaste),2026-10-04,other,containers,1,REA-bcc_00303,4a5165f137d7d03929f4569bd83857d2fec71411,"sourced image, not photographed by the team; assigned to Khurram Shafique's set; item_count not checked"
bcc_00304,images/bcc_00304.jpg,512,512,realwaste,https://github.com/sam-single/realwaste,CC-BY-NC-SA-4.0,Sam Single et al. (RealWaste),2026-10-04,other,containers,1,REA-bcc_00304,bb5ea478b69225cbe5e9ba0e9b054d0679cb4c1a,"sourced image, not photographed by the team; assigned to Khurram Shafique's set; item_count not checked"
bcc_00305,images/bcc_00305.jpg,512,512,realwaste,https://github.com/sam-single/realwaste,CC-BY-NC-SA-4.0,Sam Single et al. (RealWaste),2026-10-04,other,containers,1,REA-bcc_00305,227f8cb4294ef6615cc205e7418bd48d952de07e,"sourced image, not photographed by the team; assigned to Khurram Shafique's set; item_count not checked"
bcc_00306,images/bcc_00306.jpg,512,512,realwaste,https://github.com/sam-single/realwaste,CC-BY-NC-SA-4.0,Sam Single et al. (RealWaste),2026-10-04,other,containers,1,REA-bcc_00306,628085b832f22108ab1393803010f2e372e645fc,"sourced image, not photographed by the team; assigned to Khurram Shafique's set; item_count not checked"
bcc_00307,images/bcc_00307.jpg,512,512,realwaste,https://github.com/sam-single/realwaste,CC-BY-NC-SA-4.0,Sam Single et al. (RealWaste),2026-10-04,other,containers,1,REA-bcc_00307,498025c6e76ea0c45197556735d7e64560d32984,"sourced image, not photographed by the team; assigned to Khurram Shafique's set; item_count not checked"
bcc_00308,images/bcc_00308.jpg,512,512,realwaste,https://github.com/sam-single/realwaste,CC-BY-NC-SA-4.0,Sam Single et al. (RealWaste),2026-10-04,other,containers,1,REA-bcc_00308,eff55e1e80756a1f9e308cfd663de91386fb5f47,"sourced image, not photographed by the team; assigned to Khurram Shafique's set; item_count not checked"
bcc_00309,images/bcc_00309.jpg,512,512,realwaste,https://github.com/sam-single/realwaste,CC-BY-NC-SA-4.0,Sam Single et al. (RealWaste),2026-10-04,other,containers,1,REA-bcc_00309,a790b7292e38fa5801869dd925daf387f11669b2,"sourced image, not photographed by the team; assigned to Khurram Shafique's set; item_count not checked"
bcc_00310,images/bcc_00310.jpg,512,512,realwaste,https://github.com/sam-single/realwaste,CC-BY-NC-SA-4.0,Sam Single et al. (RealWaste),2026-10-04,other,containers,1,REA-bcc_00310,6d41dace6db13ed37d88ff9fb50459e2c71e3a4a,"sourced image, not photographed by the team; assigned to Khurram Shafique's set; item_count not checked"
bcc_00311,images/bcc_00311.jpg,512,512,realwaste,https://github.com/sam-single/realwaste,CC-BY-NC-SA-4.0,Sam Single et al. (RealWaste),2026-10-04,other,containers,1,REA-bcc_00311,9ecfa9fb499265541e9c40d78782cd0df3353d4a,"sourced image, not photographed by the team; assigned to Khurram Shafique's set; item_count not checked"
bcc_00312,images/bcc_00312.jpg,512,512,realwaste,https://github.com/sam-single/realwaste,CC-BY-NC-SA-4.0,Sam Single et al. (RealWaste),2026-10-04,other,containers,1,REA-bcc_00312,a7da25f6d85fb767b0b3f3df1180272a9e042bde,"sourced image, not photographed by the team; assigned to Khurram Shafique's set; item_count not checked"
bcc_00313,images/bcc_00313.jpg,512,512,realwaste,https://github.com/sam-single/realwaste,CC-BY-NC-SA-4.0,Sam Single et al. (RealWaste),2026-10-04,other,containers,1,REA-bcc_00313,47ef3717f652330d913ceb4fdc35ada705d59da1,"sourced image, not photographed by the team; assigned to Khurram Shafique's set; item_count not checked"
bcc_00314,images/bcc_00314.jpg,512,512,realwaste,https://github.com/sam-single/realwaste,CC-BY-NC-SA-4.0,Sam Single et al. (RealWaste),2026-10-04,other,containers,1,REA-bcc_00314,13457bdd15ffc7b801f28c64ebc85b6c8b6bcc02,"sourced image, not photographed by the team; assigned to Khurram Shafique's set; item_count not checked"
bcc_00315,images/bcc_00315.jpg,512,512,realwaste,https://github.com/sam-single/realwaste,CC-BY-NC-SA-4.0,Sam Single et al. (RealWaste),2026-10-04,other,containers,1,REA-bcc_00315,10fa68c95d8be01ac420fd7407066c174cbb6d60,"sourced image, not photographed by the team; assigned to Khurram Shafique's set; item_count not checked"
bcc_00316,images/bcc_00316.jpg,512,512,realwaste,https://github.com/sam-single/realwaste,CC-BY-NC-SA-4.0,Sam Single et al. (RealWaste),2026-10-04,other,containers,1,REA-bcc_00316,eb1d4cd823f3d8015dc53bc2ac0cbdcbd5d010e4,"sourced image, not photographed by the team; assigned to Khurram Shafique's set; item_count not checked"
bcc_00317,images/bcc_00317.jpg,512,512,realwaste,https://github.com/sam-single/realwaste,CC-BY-NC-SA-4.0,Sam Single et al. (RealWaste),2026-10-04,other,containers,1,REA-bcc_00317,7300b1f0ddf5c1424d027215df87349c86b4ff63,"sourced image, not photographed by the team; assigned to Khurram Shafique's set; item_count not checked"
bcc_00318,images/bcc_00318.jpg,512,512,realwaste,https://github.com/sam-single/realwaste,CC-BY-NC-SA-4.0,Sam Single et al. (RealWaste),2026-10-04,other,containers,1,REA-bcc_00318,a1da5a3bda93f5263acfb9b3ef90a69bd3f623cd,"sourced image, not photographed by the team; assigned to Khurram Shafique's set; item_count not checked"
bcc_00319,images/bcc_00319.jpg,512,512,realwaste,https://github.com/sam-single/realwaste,CC-BY-NC-SA-4.0,Sam Single et al. (RealWaste),2026-10-04,other,containers,1,REA-bcc_00319,e3980b3aa56975a9b4ad68afafd1793230ed68f9,"sourced image, not photographed by the team; assigned to Khurram Shafique's set; item_count not checked"
bcc_00320,images/bcc_00320.jpg,512,512,realwaste,https://github.com/sam-single/realwaste,CC-BY-NC-SA-4.0,Sam Single et al. (RealWaste),2026-10-04,other,containers,1,REA-bcc_00320,66c5482126cf04e169a74c3b83b9ac830a551765,"sourced image, not photographed by the team; assigned to Khurram Shafique's set; item_count not checked"
bcc_00321,images/bcc_00321.jpg,512,512,realwaste,https://github.com/sam-single/realwaste,CC-BY-NC-SA-4.0,Sam Single et al. (RealWaste),2026-10-04,other,containers,1,REA-bcc_00321,a479e2546a2bb768070ff6f742c3ef79e5f2a5be,"sourced image, not photographed by the team; assigned to Khurram Shafique's set; item_count not checked"
bcc_00322,images/bcc_00322.jpg,512,512,realwaste,https://github.com/sam-single/realwaste,CC-BY-NC-SA-4.0,Sam Single et al. (RealWaste),2026-10-04,other,containers,1,REA-bcc_00322,0dbebe3ca4777c323e03357d1d53c81c30cca819,"sourced image, not photographed by the team; assigned to Khurram Shafique's set; item_count not checked"
bcc_00323,images/bcc_00323.jpg,512,512,realwaste,https://github.com/sam-single/realwaste,CC-BY-NC-SA-4.0,Sam Single et al. (RealWaste),2026-10-04,other,containers,1,REA-bcc_00323,0a3ea4fdb6e601d6022d720ecd431890f5d28f3c,"sourced image, not photographed by the team; assigned to Khurram Shafique's set; item_count not checked"
bcc_00324,images/bcc_00324.jpg,512,512,realwaste,https://github.com/sam-single/realwaste,CC-BY-NC-SA-4.0,Sam Single et al. (RealWaste),2026-10-04,other,containers,1,REA-bcc_00324,55574198b9227579a488b831168f541aa82726a0,"sourced image, not photographed by the team; assigned to Khurram Shafique's set; item_count not checked"
bcc_00325,images/bcc_00325.jpg,512,512,realwaste,https://github.com/sam-single/realwaste,CC-BY-NC-SA-4.0,Sam Single et al. (RealWaste),2026-10-04,other,containers,1,REA-bcc_00325,44bdbc698eef2eb1974cb1054b590f43789fd588,"sourced image, not photographed by the team; assigned to Khurram Shafique's set; item_count not checked"
bcc_00326,images/bcc_00326.jpg,512,512,realwaste,https://github.com/sam-single/realwaste,CC-BY-NC-SA-4.0,Sam Single et al. (RealWaste),2026-10-04,other,containers,1,REA-bcc_00326,6bb1a12b6e018232755e356fde37d341089b7cdb,"sourced image, not photographed by the team; assigned to Khurram Shafique's set; item_count not checked"
bcc_00327,images/bcc_00327.jpg,512,512,realwaste,https://github.com/sam-single/realwaste,CC-BY-NC-SA-4.0,Sam Single et al. (RealWaste),2026-10-04,other,containers,1,REA-bcc_00327,272d9497e86f7e9408d921998387467a04ec2412,"sourced image, not photographed by the team; assigned to Khurram Shafique's set; item_count not checked"
bcc_00328,images/bcc_00328.jpg,512,512,realwaste,https://github.com/sam-single/realwaste,CC-BY-NC-SA-4.0,Sam Single et al. (RealWaste),2026-10-04,other,containers,1,REA-bcc_00328,c2d380a5f6a38dbf13ca350d603496487962c9c6,"sourced image, not photographed by the team; assigned to Khurram Shafique's set; item_count not checked"
bcc_00329,images/bcc_00329.jpg,512,512,realwaste,https://github.com/sam-single/realwaste,CC-BY-NC-SA-4.0,Sam Single et al. (RealWaste),2026-10-04,other,containers,1,REA-bcc_00329,df60724856f4fbc42e3c47e9f4a0df79f6fbffe1,"sourced image, not photographed by the team; assigned to Khurram Shafique's set; item_count not checked"
bcc_00330,images/bcc_00330.jpg,512,512,realwaste,https://github.com/sam-single/realwaste,CC-BY-NC-SA-4.0,Sam Single et al. (RealWaste),2026-10-04,other,containers,1,REA-bcc_00330,3395bc854e739b5fb94491f9fef4deb466ac8b4f,"sourced image, not photographed by the team; assigned to Khurram Shafique's set; item_count not checked"
bcc_00331,images/bcc_00331.jpg,512,512,realwaste,https://github.com/sam-single/realwaste,CC-BY-NC-SA-4.0,Sam Single et al. (RealWaste),2026-10-04,other,containers,1,REA-bcc_00331,b25e7898ed1b99a12cf55c5d42a1d1654df06ab3,"sourced image, not photographed by the team; assigned to Khurram Shafique's set; item_count not checked"
bcc_00332,images/bcc_00332.jpg,512,512,realwaste,https://github.com/sam-single/realwaste,CC-BY-NC-SA-4.0,Sam Single et al. (RealWaste),2026-10-04,other,containers,1,REA-bcc_00332,7b08b4779640bcda809781ea45141e1e4727072b,"sourced image, not photographed by the team; assigned to Khurram Shafique's set; item_count not checked"
bcc_00333,images/bcc_00333.jpg,512,512,realwaste,https://github.com/sam-single/realwaste,CC-BY-NC-SA-4.0,Sam Single et al. (RealWaste),2026-10-04,other,containers,1,REA-bcc_00333,18bca7d7ec6c80daa8826f7c948d33146b6d7926,"sourced image, not photographed by the team; assigned to Khurram Shafique's set; item_count not checked"
bcc_00334,images/bcc_00334.jpg,512,512,realwaste,https://github.com/sam-single/realwaste,CC-BY-NC-SA-4.0,Sam Single et al. (RealWaste),2026-10-04,other,containers,1,REA-bcc_00334,6a56c3d72301b45d333f012f7bdfd03d6d1ff1dc,"sourced image, not photographed by the team; assigned to Khurram Shafique's set; item_count not checked"
bcc_00335,images/bcc_00335.jpg,512,512,realwaste,https://github.com/sam-single/realwaste,CC-BY-NC-SA-4.0,Sam Single et al. (RealWaste),2026-10-04,other,containers,1,REA-bcc_00335,cbb04515c70a0c5d73d985b38cbb4ed82caf5a6d,"sourced image, not photographed by the team; assigned to Khurram Shafique's set; item_count not checked"
bcc_00336,images/bcc_00336.jpg,512,512,realwaste,https://github.com/sam-single/realwaste,CC-BY-NC-SA-4.0,Sam Single et al. (RealWaste),2026-10-04,other,containers,1,REA-bcc_00336,c717be5d2cf93041370d04fa734e1762ff1a9bd6,"sourced image, not photographed by the team; assigned to Khurram Shafique's set; item_count not checked"
bcc_00337,images/bcc_00337.jpg,512,512,realwaste,https://github.com/sam-single/realwaste,CC-BY-NC-SA-4.0,Sam Single et al. (RealWaste),2026-10-04,other,containers,1,REA-bcc_00337,c5a4133cd0cab66f4574eb36045a1b93bf3142b1,"sourced image, not photographed by the team; assigned to Khurram Shafique's set; item_count not checked"
bcc_00338,images/bcc_00338.jpg,512,512,realwaste,https://github.com/sam-single/realwaste,CC-BY-NC-SA-4.0,Sam Single et al. (RealWaste),2026-10-04,other,hard,1,REA-bcc_00338,da5114be9592c55793856c4df7b5533e18432f12,"sourced image, not photographed by the team; assigned to Ian Slackta's set; item_count not checked"
bcc_00339,images/bcc_00339.jpg,512,512,realwaste,https://github.com/sam-single/realwaste,CC-BY-NC-SA-4.0,Sam Single et al. (RealWaste),2026-10-04,other,hard,1,REA-bcc_00339,7e944275bf655458da418381204ec69d9d687ac4,"sourced image, not photographed by the team; assigned to Ian Slackta's set; item_count not checked"
bcc_00340,images/bcc_00340.jpg,512,512,realwaste,https://github.com/sam-single/realwaste,CC-BY-NC-SA-4.0,Sam Single et al. (RealWaste),2026-10-04,other,hard,1,REA-bcc_00340,80d17a131e534dc2d7d6a797051d9cc44a377c3a,"sourced image, not photographed by the team; assigned to Ian Slackta's set; item_count not checked"
bcc_00341,images/bcc_00341.jpg,512,512,realwaste,https://github.com/sam-single/realwaste,CC-BY-NC-SA-4.0,Sam Single et al. (RealWaste),2026-10-04,other,hard,1,REA-bcc_00341,788d8bef1161a3ed56b714a29e73cac32d43bb9b,"sourced image, not photographed by the team; assigned to Ian Slackta's set; item_count not checked"
bcc_00342,images/bcc_00342.jpg,512,512,realwaste,https://github.com/sam-single/realwaste,CC-BY-NC-SA-4.0,Sam Single et al. (RealWaste),2026-10-04,other,hard,1,REA-bcc_00342,bd246fa1513e5302570e0b6542badce58fbca374,"sourced image, not photographed by the team; assigned to Ian Slackta's set; item_count not checked"
bcc_00343,images/bcc_00343.jpg,512,512,realwaste,https://github.com/sam-single/realwaste,CC-BY-NC-SA-4.0,Sam Single et al. (RealWaste),2026-10-04,other,hard,1,REA-bcc_00343,7c56c9e6cb29c91f2f98caa70a8c8dfbe2c483d2,"sourced image, not photographed by the team; assigned to Ian Slackta's set; item_count not checked"
bcc_00344,images/bcc_00344.jpg,512,512,realwaste,https://github.com/sam-single/realwaste,CC-BY-NC-SA-4.0,Sam Single et al. (RealWaste),2026-10-04,other,hard,1,REA-bcc_00344,7ec99131c65d8c024ce5c6d4271e5f4889536c09,"sourced image, not photographed by the team; assigned to Ian Slackta's set; item_count not checked"
bcc_00345,images/bcc_00345.jpg,512,512,realwaste,https://github.com/sam-single/realwaste,CC-BY-NC-SA-4.0,Sam Single et al. (RealWaste),2026-10-04,other,hard,1,REA-bcc_00345,da715acbf8a3f73ebed9782d9a69dc0a8fb04d38,"sourced image, not photographed by the team; assigned to Ian Slackta's set; item_count not checked"
bcc_00346,images/bcc_00346.jpg,512,512,realwaste,https://github.com/sam-single/realwaste,CC-BY-NC-SA-4.0,Sam Single et al. (RealWaste),2026-10-04,other,hard,1,REA-bcc_00346,6d470b9ddb476d4160f97f6ca6b5e24e14b90226,"sourced image, not photographed by the team; assigned to Ian Slackta's set; item_count not checked"
bcc_00347,images/bcc_00347.jpg,512,512,realwaste,https://github.com/sam-single/realwaste,CC-BY-NC-SA-4.0,Sam Single et al. (RealWaste),2026-10-04,other,hard,1,REA-bcc_00347,700d215c72c8850a4b1485421e9cb4121750619f,"sourced image, not photographed by the team; assigned to Ian Slackta's set; item_count not checked"
bcc_00348,images/bcc_00348.jpg,512,512,realwaste,https://github.com/sam-single/realwaste,CC-BY-NC-SA-4.0,Sam Single et al. (RealWaste),2026-10-04,other,hard,1,REA-bcc_00348,8580dafe512d975de59144c0a322dcfc6bc18a34,"sourced image, not photographed by the team; assigned to Ian Slackta's set; item_count not checked"
bcc_00349,images/bcc_00349.jpg,512,512,realwaste,https://github.com/sam-single/realwaste,CC-BY-NC-SA-4.0,Sam Single et al. (RealWaste),2026-10-04,other,hard,1,REA-bcc_00349,bfe50cfc47f67b8e5a818729c1c052341a9f8a64,"sourced image, not photographed by the team; assigned to Ian Slackta's set; item_count not checked"
bcc_00350,images/bcc_00350.jpg,512,512,realwaste,https://github.com/sam-single/realwaste,CC-BY-NC-SA-4.0,Sam Single et al. (RealWaste),2026-10-04,other,hard,1,REA-bcc_00350,469c80bdeeeeefce07e9586590f8d87cc64ee720,"sourced image, not photographed by the team; assigned to Ian Slackta's set; item_count not checked"
bcc_00351,images/bcc_00351.jpg,512,512,realwaste,https://github.com/sam-single/realwaste,CC-BY-NC-SA-4.0,Sam Single et al. (RealWaste),2026-10-04,other,hard,1,REA-bcc_00351,bcbd2533ac3025e87edc25e403c288fa65012d4e,"sourced image, not photographed by the team; assigned to Ian Slackta's set; item_count not checked"
bcc_00352,images/bcc_00352.jpg,512,512,realwaste,https://github.com/sam-single/realwaste,CC-BY-NC-SA-4.0,Sam Single et al. (RealWaste),2026-10-04,other,hard,1,REA-bcc_00352,d42f7a4c9c227f65efac27350c235a87f7b59516,"sourced image, not photographed by the team; assigned to Ian Slackta's set; item_count not checked"
bcc_00353,images/bcc_00353.jpg,512,512,realwaste,https://github.com/sam-single/realwaste,CC-BY-NC-SA-4.0,Sam Single et al. (RealWaste),2026-10-04,other,hard,1,REA-bcc_00353,2d5fb042e192ac091d900ec256c9b663f3358c89,"sourced image, not photographed by the team; assigned to Ian Slackta's set; item_count not checked"
bcc_00354,images/bcc_00354.jpg,512,512,realwaste,https://github.com/sam-single/realwaste,CC-BY-NC-SA-4.0,Sam Single et al. (RealWaste),2026-10-04,other,hard,1,REA-bcc_00354,3eb05c2af82fc109ee48f2035b30b83ce14e78ea,"sourced image, not photographed by the team; assigned to Ian Slackta's set; item_count not checked"
bcc_00355,images/bcc_00355.jpg,512,512,realwaste,https://github.com/sam-single/realwaste,CC-BY-NC-SA-4.0,Sam Single et al. (RealWaste),2026-10-04,other,hard,1,REA-bcc_00355,978d98c9e3ff897a35a54fa8e87418cba89cbfb3,"sourced image, not photographed by the team; assigned to Ian Slackta's set; item_count not checked"
bcc_00356,images/bcc_00356.jpg,512,512,realwaste,https://github.com/sam-single/realwaste,CC-BY-NC-SA-4.0,Sam Single et al. (RealWaste),2026-10-04,other,hard,1,REA-bcc_00356,d4da2f1f3b0b7fe44088d8fbd20047fb7d53d584,"sourced image, not photographed by the team; assigned to Ian Slackta's set; item_count not checked"
bcc_00357,images/bcc_00357.jpg,512,512,realwaste,https://github.com/sam-single/realwaste,CC-BY-NC-SA-4.0,Sam Single et al. (RealWaste),2026-10-04,other,hard,1,REA-bcc_00357,b01b36cb61c550cbb3a8e2c18b7720c7ac60f62a,"sourced image, not photographed by the team; assigned to Ian Slackta's set; item_count not checked"
bcc_00358,images/bcc_00358.jpg,512,512,realwaste,https://github.com/sam-single/realwaste,CC-BY-NC-SA-4.0,Sam Single et al. (RealWaste),2026-10-04,other,hard,1,REA-bcc_00358,fbb17e51aaa7097babac520b28fa54fc222592a6,"sourced image, not photographed by the team; assigned to Ian Slackta's set; item_count not checked"
bcc_00359,images/bcc_00359.jpg,512,512,realwaste,https://github.com/sam-single/realwaste,CC-BY-NC-SA-4.0,Sam Single et al. (RealWaste),2026-10-04,other,hard,1,REA-bcc_00359,5ac9dbde028cfe86809a8fd63165888aa39e320c,"sourced image, not photographed by the team; assigned to Ian Slackta's set; item_count not checked"
bcc_00360,images/bcc_00360.jpg,512,512,realwaste,https://github.com/sam-single/realwaste,CC-BY-NC-SA-4.0,Sam Single et al. (RealWaste),2026-10-04,other,hard,1,REA-bcc_00360,3142d49369b321a1b28b69541153dd4234355746,"sourced image, not photographed by the team; assigned to Ian Slackta's set; item_count not checked"
bcc_00361,images/bcc_00361.jpg,512,512,realwaste,https://github.com/sam-single/realwaste,CC-BY-NC-SA-4.0,Sam Single et al. (RealWaste),2026-10-04,other,hard,1,REA-bcc_00361,2ca746eec2ded35429cbe379012706fc523bfba1,"sourced image, not photographed by the team; assigned to Ian Slackta's set; item_count not checked"
bcc_00362,images/bcc_00362.jpg,512,512,realwaste,https://github.com/sam-single/realwaste,CC-BY-NC-SA-4.0,Sam Single et al. (RealWaste),2026-10-04,other,hard,1,REA-bcc_00362,d98def02878f6d5970ca0ec70f70d85b86a38fcb,"sourced image, not photographed by the team; assigned to Ian Slackta's set; item_count not checked"
bcc_00363,images/bcc_00363.jpg,512,512,realwaste,https://github.com/sam-single/realwaste,CC-BY-NC-SA-4.0,Sam Single et al. (RealWaste),2026-10-04,other,hard,1,REA-bcc_00363,6953f6f918f30f518ae8682d4387e2437e126e09,"sourced image, not photographed by the team; assigned to Ian Slackta's set; item_count not checked"
bcc_00364,images/bcc_00364.jpg,512,512,realwaste,https://github.com/sam-single/realwaste,CC-BY-NC-SA-4.0,Sam Single et al. (RealWaste),2026-10-04,other,hard,1,REA-bcc_00364,3ffa39a4ab58c67a5260a0cc3e60185575274572,"sourced image, not photographed by the team; assigned to Ian Slackta's set; item_count not checked"
bcc_00365,images/bcc_00365.jpg,512,512,realwaste,https://github.com/sam-single/realwaste,CC-BY-NC-SA-4.0,Sam Single et al. (RealWaste),2026-10-04,other,hard,1,REA-bcc_00365,f0b583ddc8c31e7c5efe3e08e6400a8228b8bb55,"sourced image, not photographed by the team; assigned to Ian Slackta's set; item_count not checked"
bcc_00366,images/bcc_00366.jpg,512,512,realwaste,https://github.com/sam-single/realwaste,CC-BY-NC-SA-4.0,Sam Single et al. (RealWaste),2026-10-04,other,hard,1,REA-bcc_00366,16ea6209c3e81aaa23dd6aac06c10efe833bf583,"sourced image, not photographed by the team; assigned to Ian Slackta's set; item_count not checked"
bcc_00367,images/bcc_00367.jpg,512,512,realwaste,https://github.com/sam-single/realwaste,CC-BY-NC-SA-4.0,Sam Single et al. (RealWaste),2026-10-04,other,hard,1,REA-bcc_00367,f2671adcb22a7f56a99514c4b800668df935d6e9,"sourced image, not photographed by the team; assigned to Ian Slackta's set; item_count not checked"
bcc_00368,images/bcc_00368.jpg,512,512,realwaste,https://github.com/sam-single/realwaste,CC-BY-NC-SA-4.0,Sam Single et al. (RealWaste),2026-10-04,other,hard,1,REA-bcc_00368,bdcf83c0700e8520ce942145c59c9a7c8ecb5cb9,"sourced image, not photographed by the team; assigned to Ian Slackta's set; item_count not checked"
bcc_00369,images/bcc_00369.jpg,512,512,realwaste,https://github.com/sam-single/realwaste,CC-BY-NC-SA-4.0,Sam Single et al. (RealWaste),2026-10-04,other,hard,1,REA-bcc_00369,72a2f31259aec1f4ff25a60b835d26e61bf5b458,"sourced image, not photographed by the team; assigned to Ian Slackta's set; item_count not checked"
bcc_00370,images/bcc_00370.jpg,512,512,realwaste,https://github.com/sam-single/realwaste,CC-BY-NC-SA-4.0,Sam Single et al. (RealWaste),2026-10-04,other,hard,1,REA-bcc_00370,5aa529abbc4084885a6e16aeb497fa079a85ef0b,"sourced image, not photographed by the team; assigned to Ian Slackta's set; item_count not checked"
bcc_00371,images/bcc_00371.jpg,512,512,realwaste,https://github.com/sam-single/realwaste,CC-BY-NC-SA-4.0,Sam Single et al. (RealWaste),2026-10-04,other,hard,1,REA-bcc_00371,c256660194ee331be5e61074a824fc3d7f011e81,"sourced image, not photographed by the team; assigned to Ian Slackta's set; item_count not checked"
bcc_00372,images/bcc_00372.jpg,512,512,realwaste,https://github.com/sam-single/realwaste,CC-BY-NC-SA-4.0,Sam Single et al. (RealWaste),2026-10-04,other,hard,1,REA-bcc_00372,a9f0e0d2a534553ad40f785d2f62ccb629a2d854,"sourced image, not photographed by the team; assigned to Ian Slackta's set; item_count not checked"
bcc_00373,images/bcc_00373.jpg,512,512,realwaste,https://github.com/sam-single/realwaste,CC-BY-NC-SA-4.0,Sam Single et al. (RealWaste),2026-10-04,other,hard,1,REA-bcc_00373,cc97c5311ab16687a226763ffec0495a889f5526,"sourced image, not photographed by the team; assigned to Ian Slackta's set; item_count not checked"
bcc_00374,images/bcc_00374.jpg,512,512,realwaste,https://github.com/sam-single/realwaste,CC-BY-NC-SA-4.0,Sam Single et al. (RealWaste),2026-10-04,other,hard,1,REA-bcc_00374,6a71143613c476bc543ebaac983f662269dfa34c,"sourced image, not photographed by the team; assigned to Ian Slackta's set; item_count not checked"
bcc_00375,images/bcc_00375.jpg,512,512,realwaste,https://github.com/sam-single/realwaste,CC-BY-NC-SA-4.0,Sam Single et al. (RealWaste),2026-10-04,other,hard,1,REA-bcc_00375,971b84cc458c14cd6267f09a5e8020d5e259c804,"sourced image, not photographed by the team; assigned to Ian Slackta's set; item_count not checked"
bcc_00376,images/bcc_00376.jpg,512,512,realwaste,https://github.com/sam-single/realwaste,CC-BY-NC-SA-4.0,Sam Single et al. (RealWaste),2026-10-04,other,hard,1,REA-bcc_00376,8a3461c243aec326493d6438d288a6aff7a00a01,"sourced image, not photographed by the team; assigned to Ian Slackta's set; item_count not checked"
bcc_00377,images/bcc_00377.jpg,512,512,realwaste,https://github.com/sam-single/realwaste,CC-BY-NC-SA-4.0,Sam Single et al. (RealWaste),2026-10-04,other,hard,1,REA-bcc_00377,565e4f7360e2b4865cfbdf009fc4e6c747025d0b,"sourced image, not photographed by the team; assigned to Ian Slackta's set; item_count not checked"
bcc_00378,images/bcc_00378.jpg,512,512,realwaste,https://github.com/sam-single/realwaste,CC-BY-NC-SA-4.0,Sam Single et al. (RealWaste),2026-10-04,other,hard,1,REA-bcc_00378,f956f0d81017816e7cd6c74e5f716be12814b166,"sourced image, not photographed by the team; assigned to Ian Slackta's set; item_count not checked"
bcc_00379,images/bcc_00379.jpg,512,512,realwaste,https://github.com/sam-single/realwaste,CC-BY-NC-SA-4.0,Sam Single et al. (RealWaste),2026-10-04,other,hard,1,REA-bcc_00379,02931653b9cc4546144516972a9d161f62a3dfc9,"sourced image, not photographed by the team; assigned to Ian Slackta's set; item_count not checked"
bcc_00380,images/bcc_00380.jpg,512,512,realwaste,https://github.com/sam-single/realwaste,CC-BY-NC-SA-4.0,Sam Single et al. (RealWaste),2026-10-04,other,hard,1,REA-bcc_00380,7d359cec42e12ff7e6173dc0c3e77d74a6485bed,"sourced image, not photographed by the team; assigned to Ian Slackta's set; item_count not checked"
bcc_00381,images/bcc_00381.jpg,512,512,realwaste,https://github.com/sam-single/realwaste,CC-BY-NC-SA-4.0,Sam Single et al. (RealWaste),2026-10-04,other,hard,1,REA-bcc_00381,1a4eacefc798f99c8806a451ef772bbfac89267d,"sourced image, not photographed by the team; assigned to Ian Slackta's set; item_count not checked"
bcc_00382,images/bcc_00382.jpg,512,512,realwaste,https://github.com/sam-single/realwaste,CC-BY-NC-SA-4.0,Sam Single et al. (RealWaste),2026-10-04,other,hard,1,REA-bcc_00382,9e58f05e4c2a4404c6951d4493c44d93b702d6d2,"sourced image, not photographed by the team; assigned to Ian Slackta's set; item_count not checked"
bcc_00383,images/bcc_00383.jpg,512,512,realwaste,https://github.com/sam-single/realwaste,CC-BY-NC-SA-4.0,Sam Single et al. (RealWaste),2026-10-04,other,hard,1,REA-bcc_00383,ceb298e57cb6de2cda3d485e3dbe54580e28957a,"sourced image, not photographed by the team; assigned to Ian Slackta's set; item_count not checked"
bcc_00384,images/bcc_00384.jpg,512,512,realwaste,https://github.com/sam-single/realwaste,CC-BY-NC-SA-4.0,Sam Single et al. (RealWaste),2026-10-04,other,hard,1,REA-bcc_00384,9529b101aff6bf976091a266f32f62a8c6817e17,"sourced image, not photographed by the team; assigned to Ian Slackta's set; item_count not checked"
bcc_00385,images/bcc_00385.jpg,512,512,realwaste,https://github.com/sam-single/realwaste,CC-BY-NC-SA-4.0,Sam Single et al. (RealWaste),2026-10-04,other,hard,1,REA-bcc_00385,bf73884218a09b19a1e32dea4fee5a6d3bdb0527,"sourced image, not photographed by the team; assigned to Ian Slackta's set; item_count not checked"
bcc_00386,images/bcc_00386.jpg,512,512,realwaste,https://github.com/sam-single/realwaste,CC-BY-NC-SA-4.0,Sam Single et al. (RealWaste),2026-10-04,other,hard,1,REA-bcc_00386,b6496332ef74f078cdb916613d4c31396042702b,"sourced image, not photographed by the team; assigned to Ian Slackta's set; item_count not checked"
bcc_00387,images/bcc_00387.jpg,512,512,realwaste,https://github.com/sam-single/realwaste,CC-BY-NC-SA-4.0,Sam Single et al. (RealWaste),2026-10-04,other,hard,1,REA-bcc_00387,427cc9f481434a20ba3dda5c343271be2e2c5f2f,"sourced image, not photographed by the team; assigned to Ian Slackta's set; item_count not checked"
bcc_00388,images/bcc_00388.jpg,512,512,realwaste,https://github.com/sam-single/realwaste,CC-BY-NC-SA-4.0,Sam Single et al. (RealWaste),2026-10-04,other,hard,1,REA-bcc_00388,6e341beef9801d02d58ff49e373cffa795ea29eb,"sourced image, not photographed by the team; assigned to Ian Slackta's set; item_count not checked"
bcc_00389,images/bcc_00389.jpg,512,512,realwaste,https://github.com/sam-single/realwaste,CC-BY-NC-SA-4.0,Sam Single et al. (RealWaste),2026-10-04,other,hard,1,REA-bcc_00389,d42f17617a2a7fc622c17010a2c53e2d64ba045d,"sourced image, not photographed by the team; assigned to Ian Slackta's set; item_count not checked"
bcc_00390,images/bcc_00390.jpg,512,512,realwaste,https://github.com/sam-single/realwaste,CC-BY-NC-SA-4.0,Sam Single et al. (RealWaste),2026-10-04,other,hard,1,REA-bcc_00390,c5d111d7d7155a1f9d832b7e71c41a51b285bb7d,"sourced image, not photographed by the team; assigned to Ian Slackta's set; item_count not checked"
bcc_00391,images/bcc_00391.jpg,512,512,realwaste,https://github.com/sam-single/realwaste,CC-BY-NC-SA-4.0,Sam Single et al. (RealWaste),2026-10-04,other,hard,1,REA-bcc_00391,00068b545a7b6b9539a8f928767642c6d19d62eb,"sourced image, not photographed by the team; assigned to Ian Slackta's set; item_count not checked"
bcc_00392,images/bcc_00392.jpg,512,512,realwaste,https://github.com/sam-single/realwaste,CC-BY-NC-SA-4.0,Sam Single et al. (RealWaste),2026-10-04,other,hard,1,REA-bcc_00392,326cfe4ae4841e34689181334b85148dae336925,"sourced image, not photographed by the team; assigned to Ian Slackta's set; item_count not checked"
bcc_00393,images/bcc_00393.jpg,512,512,realwaste,https://github.com/sam-single/realwaste,CC-BY-NC-SA-4.0,Sam Single et al. (RealWaste),2026-10-04,other,hard,1,REA-bcc_00393,bbaaa7972e9ca3f436143bcc91935933c4eb4924,"sourced image, not photographed by the team; assigned to Ian Slackta's set; item_count not checked"
bcc_00394,images/bcc_00394.jpg,512,512,realwaste,https://github.com/sam-single/realwaste,CC-BY-NC-SA-4.0,Sam Single et al. (RealWaste),2026-10-04,other,hard,1,REA-bcc_00394,273e5b755a6715e8a38ca2e6ce02616879a7f085,"sourced image, not photographed by the team; assigned to Ian Slackta's set; item_count not checked"
bcc_00395,images/bcc_00395.jpg,512,512,realwaste,https://github.com/sam-single/realwaste,CC-BY-NC-SA-4.0,Sam Single et al. (RealWaste),2026-10-04,other,hard,1,REA-bcc_00395,2457fbe069c14ce7d736227e79f8365c9d5cda2a,"sourced image, not photographed by the team; assigned to Ian Slackta's set; item_count not checked"
bcc_00396,images/bcc_00396.jpg,512,512,realwaste,https://github.com/sam-single/realwaste,CC-BY-NC-SA-4.0,Sam Single et al. (RealWaste),2026-10-04,other,hard,1,REA-bcc_00396,65290b03156e586d5d983fa2cfad8152e283e6f1,"sourced image, not photographed by the team; assigned to Ian Slackta's set; item_count not checked"
bcc_00397,images/bcc_00397.jpg,512,512,realwaste,https://github.com/sam-single/realwaste,CC-BY-NC-SA-4.0,Sam Single et al. (RealWaste),2026-10-04,other,hard,1,REA-bcc_00397,f182d08b7bf4b93c28f7f6c4a89ddb28bcb52727,"sourced image, not photographed by the team; assigned to Ian Slackta's set; item_count not checked"
bcc_00398,images/bcc_00398.jpg,384,512,kaggle_drinking_waste,https://www.kaggle.com/datasets/arkadiyhacks/drinking-waste-classification,CC0-1.0,Arkadiy Serezhkin,2026-10-04,other,containers,1,KAG-bcc_00398,62b7886067d69ed91e4b9b728de8cea56c022ae1,"sourced image, not photographed by the team; assigned to Daud Jan's set; item_count not checked"
bcc_00399,images/bcc_00399.jpg,384,512,kaggle_drinking_waste,https://www.kaggle.com/datasets/arkadiyhacks/drinking-waste-classification,CC0-1.0,Arkadiy Serezhkin,2026-10-04,other,containers,1,KAG-bcc_00399,4d7dc1d70233c4d1772ee9dd398382285181e9e9,"sourced image, not photographed by the team; assigned to Daud Jan's set; item_count not checked"
bcc_00400,images/bcc_00400.jpg,384,512,kaggle_drinking_waste,https://www.kaggle.com/datasets/arkadiyhacks/drinking-waste-classification,CC0-1.0,Arkadiy Serezhkin,2026-10-04,other,containers,1,KAG-bcc_00400,85b85024e69443ff24f143fec4fa42a8adecfb34,"sourced image, not photographed by the team; assigned to Daud Jan's set; item_count not checked"
bcc_00401,images/bcc_00401.jpg,384,512,kaggle_drinking_waste,https://www.kaggle.com/datasets/arkadiyhacks/drinking-waste-classification,CC0-1.0,Arkadiy Serezhkin,2026-10-04,other,containers,1,KAG-bcc_00401,c819aaec1437dc9f450d0f5b8ec4dc5ad34c62f7,"sourced image, not photographed by the team; assigned to Daud Jan's set; item_count not checked"
bcc_00402,images/bcc_00402.jpg,512,384,kaggle_drinking_waste,https://www.kaggle.com/datasets/arkadiyhacks/drinking-waste-classification,CC0-1.0,Arkadiy Serezhkin,2026-10-04,other,containers,1,KAG-bcc_00402,b6bff022b5d1679721341e9a0bb1ff10649654c6,"sourced image, not photographed by the team; assigned to Daud Jan's set; item_count not checked"
bcc_00403,images/bcc_00403.jpg,384,512,kaggle_drinking_waste,https://www.kaggle.com/datasets/arkadiyhacks/drinking-waste-classification,CC0-1.0,Arkadiy Serezhkin,2026-10-04,other,containers,1,KAG-bcc_00403,b2911dec1f6a1ff9bd7a50aa0e202eb50897a565,"sourced image, not photographed by the team; assigned to Daud Jan's set; item_count not checked"
bcc_00404,images/bcc_00404.jpg,384,512,kaggle_drinking_waste,https://www.kaggle.com/datasets/arkadiyhacks/drinking-waste-classification,CC0-1.0,Arkadiy Serezhkin,2026-10-04,other,containers,1,KAG-bcc_00404,7aa2c4d3bbd905400a3e880427370a2feb64cae2,"sourced image, not photographed by the team; assigned to Daud Jan's set; item_count not checked"
bcc_00405,images/bcc_00405.jpg,384,512,kaggle_drinking_waste,https://www.kaggle.com/datasets/arkadiyhacks/drinking-waste-classification,CC0-1.0,Arkadiy Serezhkin,2026-10-04,other,containers,1,KAG-bcc_00405,34016e1c670deab377741d49c0546283030d304c,"sourced image, not photographed by the team; assigned to Daud Jan's set; item_count not checked"
bcc_00406,images/bcc_00406.jpg,512,384,kaggle_drinking_waste,https://www.kaggle.com/datasets/arkadiyhacks/drinking-waste-classification,CC0-1.0,Arkadiy Serezhkin,2026-10-04,other,containers,1,KAG-bcc_00406,27e752425d787f25cba38bfb72bf617daa456841,"sourced image, not photographed by the team; assigned to Daud Jan's set; item_count not checked"
bcc_00407,images/bcc_00407.jpg,384,512,kaggle_drinking_waste,https://www.kaggle.com/datasets/arkadiyhacks/drinking-waste-classification,CC0-1.0,Arkadiy Serezhkin,2026-10-04,other,containers,1,KAG-bcc_00407,952ff95f8061f6e3f895c1a0613979367d9f8e9f,"sourced image, not photographed by the team; assigned to Daud Jan's set; item_count not checked"
bcc_00408,images/bcc_00408.jpg,384,512,kaggle_drinking_waste,https://www.kaggle.com/datasets/arkadiyhacks/drinking-waste-classification,CC0-1.0,Arkadiy Serezhkin,2026-10-04,other,containers,1,KAG-bcc_00408,98299f57801b257bb47bbe7d879899a3da91f942,"sourced image, not photographed by the team; assigned to Daud Jan's set; item_count not checked"
bcc_00409,images/bcc_00409.jpg,384,512,kaggle_drinking_waste,https://www.kaggle.com/datasets/arkadiyhacks/drinking-waste-classification,CC0-1.0,Arkadiy Serezhkin,2026-10-04,other,containers,1,KAG-bcc_00409,d3b7c612b2321595fb1179755d3b93bfa6b7a6f3,"sourced image, not photographed by the team; assigned to Daud Jan's set; item_count not checked"
bcc_00410,images/bcc_00410.jpg,384,512,kaggle_drinking_waste,https://www.kaggle.com/datasets/arkadiyhacks/drinking-waste-classification,CC0-1.0,Arkadiy Serezhkin,2026-10-04,other,containers,1,KAG-bcc_00410,10b9d1a846445527acf520dd72b40edd2b5667ff,"sourced image, not photographed by the team; assigned to Daud Jan's set; item_count not checked; REVIEW: tip of a shoe visible at the edge; crop or drop"
bcc_00411,images/bcc_00411.jpg,384,512,kaggle_drinking_waste,https://www.kaggle.com/datasets/arkadiyhacks/drinking-waste-classification,CC0-1.0,Arkadiy Serezhkin,2026-10-04,other,containers,1,KAG-bcc_00411,bbdf1466de72a782a6d6f60e1c4cade11db8678b,"sourced image, not photographed by the team; assigned to Daud Jan's set; item_count not checked"
bcc_00412,images/bcc_00412.jpg,384,512,kaggle_drinking_waste,https://www.kaggle.com/datasets/arkadiyhacks/drinking-waste-classification,CC0-1.0,Arkadiy Serezhkin,2026-10-04,other,containers,1,KAG-bcc_00412,ea7e194fbae47b10ecfd7a15f9e419fa2c382a6b,"sourced image, not photographed by the team; assigned to Daud Jan's set; item_count not checked"
bcc_00413,images/bcc_00413.jpg,384,512,kaggle_drinking_waste,https://www.kaggle.com/datasets/arkadiyhacks/drinking-waste-classification,CC0-1.0,Arkadiy Serezhkin,2026-10-04,other,containers,1,KAG-bcc_00413,b3316dd28aa42052f5192728e6fa81545daa2a00,"sourced image, not photographed by the team; assigned to Daud Jan's set; item_count not checked; REVIEW: tip of a shoe visible at the edge; crop or drop"
bcc_00414,images/bcc_00414.jpg,384,512,kaggle_drinking_waste,https://www.kaggle.com/datasets/arkadiyhacks/drinking-waste-classification,CC0-1.0,Arkadiy Serezhkin,2026-10-04,other,containers,1,KAG-bcc_00414,4d310586d5d688c8d2f089fa5cf15467f31a135c,"sourced image, not photographed by the team; assigned to Daud Jan's set; item_count not checked"
bcc_00415,images/bcc_00415.jpg,384,512,kaggle_drinking_waste,https://www.kaggle.com/datasets/arkadiyhacks/drinking-waste-classification,CC0-1.0,Arkadiy Serezhkin,2026-10-04,other,containers,1,KAG-bcc_00415,1b2df4f24fbb7ae5d64e31a553e45080f80faa5d,"sourced image, not photographed by the team; assigned to Daud Jan's set; item_count not checked"
bcc_00416,images/bcc_00416.jpg,384,512,kaggle_drinking_waste,https://www.kaggle.com/datasets/arkadiyhacks/drinking-waste-classification,CC0-1.0,Arkadiy Serezhkin,2026-10-04,other,containers,1,KAG-bcc_00416,b1a0eafee7771a8402492ed684e9cdbce95c490e,"sourced image, not photographed by the team; assigned to Daud Jan's set; item_count not checked"
bcc_00417,images/bcc_00417.jpg,384,512,kaggle_drinking_waste,https://www.kaggle.com/datasets/arkadiyhacks/drinking-waste-classification,CC0-1.0,Arkadiy Serezhkin,2026-10-04,other,containers,1,KAG-bcc_00417,b235c290c00e50c895c2b351d05893b785f6ddd3,"sourced image, not photographed by the team; assigned to Daud Jan's set; item_count not checked"
bcc_00418,images/bcc_00418.jpg,384,512,kaggle_drinking_waste,https://www.kaggle.com/datasets/arkadiyhacks/drinking-waste-classification,CC0-1.0,Arkadiy Serezhkin,2026-10-04,other,containers,1,KAG-bcc_00418,2e6d1907e778f5418ff2898c93aaab6ac90eb814,"sourced image, not photographed by the team; assigned to Khurram Shafique's set; item_count not checked"
bcc_00419,images/bcc_00419.jpg,384,512,kaggle_drinking_waste,https://www.kaggle.com/datasets/arkadiyhacks/drinking-waste-classification,CC0-1.0,Arkadiy Serezhkin,2026-10-04,other,containers,1,KAG-bcc_00419,ed7c7fa33091e08ffe354f2e11ae7bf5585a340b,"sourced image, not photographed by the team; assigned to Khurram Shafique's set; item_count not checked"
bcc_00420,images/bcc_00420.jpg,384,512,kaggle_drinking_waste,https://www.kaggle.com/datasets/arkadiyhacks/drinking-waste-classification,CC0-1.0,Arkadiy Serezhkin,2026-10-04,other,containers,1,KAG-bcc_00420,28e293c229e03db3733bb8e4b7b868710b7cafef,"sourced image, not photographed by the team; assigned to Khurram Shafique's set; item_count not checked"
bcc_00421,images/bcc_00421.jpg,384,512,kaggle_drinking_waste,https://www.kaggle.com/datasets/arkadiyhacks/drinking-waste-classification,CC0-1.0,Arkadiy Serezhkin,2026-10-04,other,containers,1,KAG-bcc_00421,9085b626ba009b67ade0b3271c5d591f4946802c,"sourced image, not photographed by the team; assigned to Khurram Shafique's set; item_count not checked"
bcc_00422,images/bcc_00422.jpg,384,512,kaggle_drinking_waste,https://www.kaggle.com/datasets/arkadiyhacks/drinking-waste-classification,CC0-1.0,Arkadiy Serezhkin,2026-10-04,other,containers,1,KAG-bcc_00422,55afbc7e7f0c28d33ef39c9e1451e0f6023f2482,"sourced image, not photographed by the team; assigned to Khurram Shafique's set; item_count not checked"
bcc_00423,images/bcc_00423.jpg,384,512,kaggle_drinking_waste,https://www.kaggle.com/datasets/arkadiyhacks/drinking-waste-classification,CC0-1.0,Arkadiy Serezhkin,2026-10-04,other,containers,1,KAG-bcc_00423,2c2385ce7f0c374399f05605c49c8b5956c0f650,"sourced image, not photographed by the team; assigned to Daud Jan's set; item_count not checked"
bcc_00424,images/bcc_00424.jpg,384,512,kaggle_drinking_waste,https://www.kaggle.com/datasets/arkadiyhacks/drinking-waste-classification,CC0-1.0,Arkadiy Serezhkin,2026-10-04,other,containers,1,KAG-bcc_00424,d31aaebbcd87f0eaa00621d15fbe92e42501127f,"sourced image, not photographed by the team; assigned to Daud Jan's set; item_count not checked"
bcc_00425,images/bcc_00425.jpg,384,512,kaggle_drinking_waste,https://www.kaggle.com/datasets/arkadiyhacks/drinking-waste-classification,CC0-1.0,Arkadiy Serezhkin,2026-10-04,other,containers,1,KAG-bcc_00425,b28756d62ae5c2ab4bed0919f6f3c7e8e1f3aec9,"sourced image, not photographed by the team; assigned to Daud Jan's set; item_count not checked"
bcc_00426,images/bcc_00426.jpg,384,512,kaggle_drinking_waste,https://www.kaggle.com/datasets/arkadiyhacks/drinking-waste-classification,CC0-1.0,Arkadiy Serezhkin,2026-10-04,other,containers,1,KAG-bcc_00426,9a4ce95a59db3d3c701c5fe0406532d26832f653,"sourced image, not photographed by the team; assigned to Daud Jan's set; item_count not checked"
bcc_00427,images/bcc_00427.jpg,384,512,kaggle_drinking_waste,https://www.kaggle.com/datasets/arkadiyhacks/drinking-waste-classification,CC0-1.0,Arkadiy Serezhkin,2026-10-04,other,containers,1,KAG-bcc_00427,220d01884fdf2bcac044461e1ab3d51814d01876,"sourced image, not photographed by the team; assigned to Daud Jan's set; item_count not checked"
bcc_00428,images/bcc_00428.jpg,384,512,kaggle_drinking_waste,https://www.kaggle.com/datasets/arkadiyhacks/drinking-waste-classification,CC0-1.0,Arkadiy Serezhkin,2026-10-04,other,containers,1,KAG-bcc_00428,e0627f031b0941d6bd26255e513068eb7e98b96a,"sourced image, not photographed by the team; assigned to Daud Jan's set; item_count not checked"
bcc_00429,images/bcc_00429.jpg,384,512,kaggle_drinking_waste,https://www.kaggle.com/datasets/arkadiyhacks/drinking-waste-classification,CC0-1.0,Arkadiy Serezhkin,2026-10-04,other,containers,1,KAG-bcc_00429,8ecc1d89c66ae5ad3019a8f1b8716c41837a9182,"sourced image, not photographed by the team; assigned to Daud Jan's set; item_count not checked"
bcc_00430,images/bcc_00430.jpg,384,512,kaggle_drinking_waste,https://www.kaggle.com/datasets/arkadiyhacks/drinking-waste-classification,CC0-1.0,Arkadiy Serezhkin,2026-10-04,other,containers,1,KAG-bcc_00430,4abc617f226c8f825c7fc10aaa9c5bb4e7bb8edd,"sourced image, not photographed by the team; assigned to Daud Jan's set; item_count not checked"
bcc_00431,images/bcc_00431.jpg,384,512,kaggle_drinking_waste,https://www.kaggle.com/datasets/arkadiyhacks/drinking-waste-classification,CC0-1.0,Arkadiy Serezhkin,2026-10-04,other,containers,1,KAG-bcc_00431,41462a4f85d827357a6fab069e1f3afd65a57114,"sourced image, not photographed by the team; assigned to Daud Jan's set; item_count not checked"
bcc_00432,images/bcc_00432.jpg,512,384,kaggle_drinking_waste,https://www.kaggle.com/datasets/arkadiyhacks/drinking-waste-classification,CC0-1.0,Arkadiy Serezhkin,2026-10-04,other,containers,1,KAG-bcc_00432,8abd446c2b830a0427bd850f7c1495b0c025efc5,"sourced image, not photographed by the team; assigned to Daud Jan's set; item_count not checked"
bcc_00433,images/bcc_00433.jpg,512,384,kaggle_drinking_waste,https://www.kaggle.com/datasets/arkadiyhacks/drinking-waste-classification,CC0-1.0,Arkadiy Serezhkin,2026-10-04,other,containers,1,KAG-bcc_00433,47f4404524b0e86b4abafd7f2be694ac74d937c2,"sourced image, not photographed by the team; assigned to Daud Jan's set; item_count not checked"
bcc_00434,images/bcc_00434.jpg,512,384,kaggle_drinking_waste,https://www.kaggle.com/datasets/arkadiyhacks/drinking-waste-classification,CC0-1.0,Arkadiy Serezhkin,2026-10-04,other,containers,1,KAG-bcc_00434,3cafd33ded0d1d7553d08b984c1e8881a441b8f8,"sourced image, not photographed by the team; assigned to Daud Jan's set; item_count not checked"
bcc_00435,images/bcc_00435.jpg,512,384,kaggle_drinking_waste,https://www.kaggle.com/datasets/arkadiyhacks/drinking-waste-classification,CC0-1.0,Arkadiy Serezhkin,2026-10-04,other,containers,1,KAG-bcc_00435,a37c3ccd031d0a8daa9f1423f49f11f476eed1ef,"sourced image, not photographed by the team; assigned to Daud Jan's set; item_count not checked"
bcc_00436,images/bcc_00436.jpg,512,384,kaggle_drinking_waste,https://www.kaggle.com/datasets/arkadiyhacks/drinking-waste-classification,CC0-1.0,Arkadiy Serezhkin,2026-10-04,other,containers,1,KAG-bcc_00436,96532ec70a13ae254e664b9df27632e85d794e43,"sourced image, not photographed by the team; assigned to Daud Jan's set; item_count not checked"
bcc_00437,images/bcc_00437.jpg,512,384,kaggle_drinking_waste,https://www.kaggle.com/datasets/arkadiyhacks/drinking-waste-classification,CC0-1.0,Arkadiy Serezhkin,2026-10-04,other,containers,1,KAG-bcc_00437,ff8af0abcd785c26e5054481e076a39204f03afa,"sourced image, not photographed by the team; assigned to Daud Jan's set; item_count not checked"
bcc_00438,images/bcc_00438.jpg,512,384,kaggle_drinking_waste,https://www.kaggle.com/datasets/arkadiyhacks/drinking-waste-classification,CC0-1.0,Arkadiy Serezhkin,2026-10-04,other,containers,1,KAG-bcc_00438,5e1f77be287778414e0a8b47226753e8e5bf4cff,"sourced image, not photographed by the team; assigned to Daud Jan's set; item_count not checked"
bcc_00439,images/bcc_00439.jpg,512,384,kaggle_drinking_waste,https://www.kaggle.com/datasets/arkadiyhacks/drinking-waste-classification,CC0-1.0,Arkadiy Serezhkin,2026-10-04,other,containers,1,KAG-bcc_00439,8dc2d66137511941b378d6052c2be0f1b65e49ba,"sourced image, not photographed by the team; assigned to Daud Jan's set; item_count not checked"
bcc_00440,images/bcc_00440.jpg,512,384,kaggle_drinking_waste,https://www.kaggle.com/datasets/arkadiyhacks/drinking-waste-classification,CC0-1.0,Arkadiy Serezhkin,2026-10-04,other,containers,1,KAG-bcc_00440,e9fa5a35b54058e9bcf86b037a92f7851b143e52,"sourced image, not photographed by the team; assigned to Daud Jan's set; item_count not checked"
bcc_00441,images/bcc_00441.jpg,384,512,kaggle_drinking_waste,https://www.kaggle.com/datasets/arkadiyhacks/drinking-waste-classification,CC0-1.0,Arkadiy Serezhkin,2026-10-04,other,containers,1,KAG-bcc_00441,bc706ab29fb569e090add5e173583a172dc04e38,"sourced image, not photographed by the team; assigned to Daud Jan's set; item_count not checked"
bcc_00442,images/bcc_00442.jpg,384,512,kaggle_drinking_waste,https://www.kaggle.com/datasets/arkadiyhacks/drinking-waste-classification,CC0-1.0,Arkadiy Serezhkin,2026-10-04,other,containers,1,KAG-bcc_00442,53ff5225a9a1ff5bca4ccd751c91a8d4514d2eee,"sourced image, not photographed by the team; assigned to Daud Jan's set; item_count not checked"
bcc_00443,images/bcc_00443.jpg,512,384,kaggle_drinking_waste,https://www.kaggle.com/datasets/arkadiyhacks/drinking-waste-classification,CC0-1.0,Arkadiy Serezhkin,2026-10-04,other,containers,1,KAG-bcc_00443,873dcc3e60b5f47974b38b56294905ba42f48700,"sourced image, not photographed by the team; assigned to Daud Jan's set; item_count not checked"
bcc_00444,images/bcc_00444.jpg,384,512,kaggle_drinking_waste,https://www.kaggle.com/datasets/arkadiyhacks/drinking-waste-classification,CC0-1.0,Arkadiy Serezhkin,2026-10-04,other,containers,1,KAG-bcc_00444,4d61432bebdd9fd8d7c3178e7232e631be3168cd,"sourced image, not photographed by the team; assigned to Daud Jan's set; item_count not checked"
bcc_00445,images/bcc_00445.jpg,384,512,kaggle_drinking_waste,https://www.kaggle.com/datasets/arkadiyhacks/drinking-waste-classification,CC0-1.0,Arkadiy Serezhkin,2026-10-04,other,containers,1,KAG-bcc_00445,4f2e65f569be956ba62123737c7b84604f599cc9,"sourced image, not photographed by the team; assigned to Daud Jan's set; item_count not checked"
bcc_00446,images/bcc_00446.jpg,384,512,kaggle_drinking_waste,https://www.kaggle.com/datasets/arkadiyhacks/drinking-waste-classification,CC0-1.0,Arkadiy Serezhkin,2026-10-04,other,containers,1,KAG-bcc_00446,717dda9e4e9414edca1bdbd2750fb039fe85bc55,"sourced image, not photographed by the team; assigned to Daud Jan's set; item_count not checked"
bcc_00447,images/bcc_00447.jpg,384,512,kaggle_drinking_waste,https://www.kaggle.com/datasets/arkadiyhacks/drinking-waste-classification,CC0-1.0,Arkadiy Serezhkin,2026-10-04,other,containers,1,KAG-bcc_00447,36697533d0bf7873cd6f6b4f048acf49c2108bd5,"sourced image, not photographed by the team; assigned to Daud Jan's set; item_count not checked"
bcc_00448,images/bcc_00448.jpg,384,512,kaggle_drinking_waste,https://www.kaggle.com/datasets/arkadiyhacks/drinking-waste-classification,CC0-1.0,Arkadiy Serezhkin,2026-10-04,other,containers,1,KAG-bcc_00448,dbfec69b5f31f0e63bb48d1e431192dada9eae06,"sourced image, not photographed by the team; assigned to Khurram Shafique's set; item_count not checked"
bcc_00449,images/bcc_00449.jpg,384,512,kaggle_drinking_waste,https://www.kaggle.com/datasets/arkadiyhacks/drinking-waste-classification,CC0-1.0,Arkadiy Serezhkin,2026-10-04,other,containers,1,KAG-bcc_00449,80246dcbb4b9460450e90cbeb366c5f7ad6ed3ed,"sourced image, not photographed by the team; assigned to Khurram Shafique's set; item_count not checked"
bcc_00450,images/bcc_00450.jpg,384,512,kaggle_drinking_waste,https://www.kaggle.com/datasets/arkadiyhacks/drinking-waste-classification,CC0-1.0,Arkadiy Serezhkin,2026-10-04,other,containers,1,KAG-bcc_00450,1f3515114fd48936c2dd9e8126443ebcbbd90a0e,"sourced image, not photographed by the team; assigned to Khurram Shafique's set; item_count not checked"
bcc_00451,images/bcc_00451.jpg,384,512,kaggle_drinking_waste,https://www.kaggle.com/datasets/arkadiyhacks/drinking-waste-classification,CC0-1.0,Arkadiy Serezhkin,2026-10-04,other,containers,1,KAG-bcc_00451,0828ff8a95a4c424ff34bfccf473a7f35958e2fc,"sourced image, not photographed by the team; assigned to Khurram Shafique's set; item_count not checked"
bcc_00452,images/bcc_00452.jpg,384,512,kaggle_drinking_waste,https://www.kaggle.com/datasets/arkadiyhacks/drinking-waste-classification,CC0-1.0,Arkadiy Serezhkin,2026-10-04,other,containers,1,KAG-bcc_00452,a412521ffddca192d930b4246b7004863f4662f6,"sourced image, not photographed by the team; assigned to Khurram Shafique's set; item_count not checked"
bcc_00453,images/bcc_00453.jpg,384,512,kaggle_drinking_waste,https://www.kaggle.com/datasets/arkadiyhacks/drinking-waste-classification,CC0-1.0,Arkadiy Serezhkin,2026-10-04,other,containers,1,KAG-bcc_00453,957689f3bc710b2a5f68c055c86167fecaea4fd2,"sourced image, not photographed by the team; assigned to Khurram Shafique's set; item_count not checked"
bcc_00454,images/bcc_00454.jpg,384,512,kaggle_drinking_waste,https://www.kaggle.com/datasets/arkadiyhacks/drinking-waste-classification,CC0-1.0,Arkadiy Serezhkin,2026-10-04,other,containers,1,KAG-bcc_00454,5f80c1f24d9ba29a9a25f60b1a701a1714666ee3,"sourced image, not photographed by the team; assigned to Khurram Shafique's set; item_count not checked"
bcc_00455,images/bcc_00455.jpg,384,512,kaggle_drinking_waste,https://www.kaggle.com/datasets/arkadiyhacks/drinking-waste-classification,CC0-1.0,Arkadiy Serezhkin,2026-10-04,other,containers,1,KAG-bcc_00455,eab97a32ed999f30e6f355b96402e667727c26e0,"sourced image, not photographed by the team; assigned to Khurram Shafique's set; item_count not checked"
bcc_00456,images/bcc_00456.jpg,384,512,kaggle_drinking_waste,https://www.kaggle.com/datasets/arkadiyhacks/drinking-waste-classification,CC0-1.0,Arkadiy Serezhkin,2026-10-04,other,containers,1,KAG-bcc_00456,97c47e6ea735de4663d4dd956e3934dcf4f331bd,"sourced image, not photographed by the team; assigned to Khurram Shafique's set; item_count not checked"
bcc_00457,images/bcc_00457.jpg,512,384,kaggle_drinking_waste,https://www.kaggle.com/datasets/arkadiyhacks/drinking-waste-classification,CC0-1.0,Arkadiy Serezhkin,2026-10-04,other,containers,1,KAG-bcc_00457,ef6dcbcd19539efd1f41ac028dc85db7c4d64fda,"sourced image, not photographed by the team; assigned to Khurram Shafique's set; item_count not checked"
bcc_00458,images/bcc_00458.jpg,512,384,kaggle_drinking_waste,https://www.kaggle.com/datasets/arkadiyhacks/drinking-waste-classification,CC0-1.0,Arkadiy Serezhkin,2026-10-04,other,containers,1,KAG-bcc_00458,40b6fcd87c43d88b231e37056be2999a9cfd777e,"sourced image, not photographed by the team; assigned to Khurram Shafique's set; item_count not checked"
bcc_00459,images/bcc_00459.jpg,384,512,kaggle_drinking_waste,https://www.kaggle.com/datasets/arkadiyhacks/drinking-waste-classification,CC0-1.0,Arkadiy Serezhkin,2026-10-04,other,containers,1,KAG-bcc_00459,d981715a442116252312addb43e6358b29a11437,"sourced image, not photographed by the team; assigned to Khurram Shafique's set; item_count not checked"
bcc_00460,images/bcc_00460.jpg,512,384,kaggle_drinking_waste,https://www.kaggle.com/datasets/arkadiyhacks/drinking-waste-classification,CC0-1.0,Arkadiy Serezhkin,2026-10-04,other,containers,1,KAG-bcc_00460,0224cd9ab67a6a0531cfe022ab50bcd4843b9018,"sourced image, not photographed by the team; assigned to Khurram Shafique's set; item_count not checked"
bcc_00461,images/bcc_00461.jpg,384,512,kaggle_drinking_waste,https://www.kaggle.com/datasets/arkadiyhacks/drinking-waste-classification,CC0-1.0,Arkadiy Serezhkin,2026-10-04,other,containers,1,KAG-bcc_00461,b0f7823b6691bd32e6afa0fbf1cbf8401034695e,"sourced image, not photographed by the team; assigned to Khurram Shafique's set; item_count not checked"
bcc_00462,images/bcc_00462.jpg,384,512,kaggle_drinking_waste,https://www.kaggle.com/datasets/arkadiyhacks/drinking-waste-classification,CC0-1.0,Arkadiy Serezhkin,2026-10-04,other,containers,1,KAG-bcc_00462,53ca7d719b8f0576a6dffe1d4b9f41082935764a,"sourced image, not photographed by the team; assigned to Khurram Shafique's set; item_count not checked"
bcc_00463,images/bcc_00463.jpg,384,512,kaggle_drinking_waste,https://www.kaggle.com/datasets/arkadiyhacks/drinking-waste-classification,CC0-1.0,Arkadiy Serezhkin,2026-10-04,other,containers,1,KAG-bcc_00463,1f9a5e7e474d7f1ad35b6e7fd2f26095874182f7,"sourced image, not photographed by the team; assigned to Khurram Shafique's set; item_count not checked"
bcc_00464,images/bcc_00464.jpg,384,512,kaggle_drinking_waste,https://www.kaggle.com/datasets/arkadiyhacks/drinking-waste-classification,CC0-1.0,Arkadiy Serezhkin,2026-10-04,other,containers,1,KAG-bcc_00464,5d16a864229861ad7b7f379391e4295546809ead,"sourced image, not photographed by the team; assigned to Khurram Shafique's set; item_count not checked"
bcc_00465,images/bcc_00465.jpg,384,512,kaggle_drinking_waste,https://www.kaggle.com/datasets/arkadiyhacks/drinking-waste-classification,CC0-1.0,Arkadiy Serezhkin,2026-10-04,other,containers,1,KAG-bcc_00465,0752d95b58fd610805fd3cad61c17e830d626daa,"sourced image, not photographed by the team; assigned to Khurram Shafique's set; item_count not checked"
bcc_00466,images/bcc_00466.jpg,384,512,kaggle_drinking_waste,https://www.kaggle.com/datasets/arkadiyhacks/drinking-waste-classification,CC0-1.0,Arkadiy Serezhkin,2026-10-04,other,containers,1,KAG-bcc_00466,447d7e585eef2d3c102f20306161b29976375197,"sourced image, not photographed by the team; assigned to Khurram Shafique's set; item_count not checked"
bcc_00467,images/bcc_00467.jpg,384,512,kaggle_drinking_waste,https://www.kaggle.com/datasets/arkadiyhacks/drinking-waste-classification,CC0-1.0,Arkadiy Serezhkin,2026-10-04,other,containers,1,KAG-bcc_00467,a9ba15e8b1eb897388d33feaa771b1797961748e,"sourced image, not photographed by the team; assigned to Khurram Shafique's set; item_count not checked"
bcc_00468,images/bcc_00468.jpg,384,512,kaggle_drinking_waste,https://www.kaggle.com/datasets/arkadiyhacks/drinking-waste-classification,CC0-1.0,Arkadiy Serezhkin,2026-10-04,other,containers,1,KAG-bcc_00468,543304fc3b6141d197cc1a0f0d3068b43d3f188d,"sourced image, not photographed by the team; assigned to Khurram Shafique's set; item_count not checked"
bcc_00469,images/bcc_00469.jpg,384,512,kaggle_drinking_waste,https://www.kaggle.com/datasets/arkadiyhacks/drinking-waste-classification,CC0-1.0,Arkadiy Serezhkin,2026-10-04,other,containers,1,KAG-bcc_00469,f306674b1d7731bdefc97d5dc1ccfd0f4388a4b0,"sourced image, not photographed by the team; assigned to Khurram Shafique's set; item_count not checked"
bcc_00470,images/bcc_00470.jpg,384,512,kaggle_drinking_waste,https://www.kaggle.com/datasets/arkadiyhacks/drinking-waste-classification,CC0-1.0,Arkadiy Serezhkin,2026-10-04,other,containers,1,KAG-bcc_00470,149d22f73a0fc592e8bcc950f84a9c14ce69525d,"sourced image, not photographed by the team; assigned to Khurram Shafique's set; item_count not checked"
bcc_00471,images/bcc_00471.jpg,384,512,kaggle_drinking_waste,https://www.kaggle.com/datasets/arkadiyhacks/drinking-waste-classification,CC0-1.0,Arkadiy Serezhkin,2026-10-04,other,containers,1,KAG-bcc_00471,21d560e64635d907f911b66f674111f20d1f3799,"sourced image, not photographed by the team; assigned to Khurram Shafique's set; item_count not checked"
bcc_00472,images/bcc_00472.jpg,384,512,kaggle_drinking_waste,https://www.kaggle.com/datasets/arkadiyhacks/drinking-waste-classification,CC0-1.0,Arkadiy Serezhkin,2026-10-04,other,containers,1,KAG-bcc_00472,21bdc5a511db5b2ab87bbae0874460626ab974c1,"sourced image, not photographed by the team; assigned to Khurram Shafique's set; item_count not checked"
bcc_00473,images/bcc_00473.jpg,384,512,kaggle_drinking_waste,https://www.kaggle.com/datasets/arkadiyhacks/drinking-waste-classification,CC0-1.0,Arkadiy Serezhkin,2026-10-04,other,containers,1,KAG-bcc_00473,afd97b3c79eb15bb3bf02e34e528bd086d896a4c,"sourced image, not photographed by the team; assigned to Khurram Shafique's set; item_count not checked"
bcc_00474,images/bcc_00474.jpg,384,512,kaggle_drinking_waste,https://www.kaggle.com/datasets/arkadiyhacks/drinking-waste-classification,CC0-1.0,Arkadiy Serezhkin,2026-10-04,other,containers,1,KAG-bcc_00474,cd36699c25da3263781a52c201ef16522be4fbb9,"sourced image, not photographed by the team; assigned to Khurram Shafique's set; item_count not checked"
bcc_00475,images/bcc_00475.jpg,384,512,kaggle_drinking_waste,https://www.kaggle.com/datasets/arkadiyhacks/drinking-waste-classification,CC0-1.0,Arkadiy Serezhkin,2026-10-04,other,containers,1,KAG-bcc_00475,b400ab77fb54206dfb14067acb65717764fcbf2f,"sourced image, not photographed by the team; assigned to Khurram Shafique's set; item_count not checked"
bcc_00476,images/bcc_00476.jpg,384,512,kaggle_drinking_waste,https://www.kaggle.com/datasets/arkadiyhacks/drinking-waste-classification,CC0-1.0,Arkadiy Serezhkin,2026-10-04,other,containers,1,KAG-bcc_00476,1b5ca36de6aaaad4d41dc895365e52087108dab4,"sourced image, not photographed by the team; assigned to Khurram Shafique's set; item_count not checked"
bcc_00477,images/bcc_00477.jpg,384,512,kaggle_drinking_waste,https://www.kaggle.com/datasets/arkadiyhacks/drinking-waste-classification,CC0-1.0,Arkadiy Serezhkin,2026-10-04,other,containers,1,KAG-bcc_00477,88cc08d25e99649592240be67e894c37d15726e5,"sourced image, not photographed by the team; assigned to Khurram Shafique's set; item_count not checked"
bcc_00478,images/bcc_00478.jpg,384,512,kaggle_drinking_waste,https://www.kaggle.com/datasets/arkadiyhacks/drinking-waste-classification,CC0-1.0,Arkadiy Serezhkin,2026-10-04,other,containers,1,KAG-bcc_00478,4811b56a9fc233ee5bb5e4d4fb8823068d861b59,"sourced image, not photographed by the team; assigned to Khurram Shafique's set; item_count not checked"
bcc_00479,images/bcc_00479.jpg,384,512,kaggle_drinking_waste,https://www.kaggle.com/datasets/arkadiyhacks/drinking-waste-classification,CC0-1.0,Arkadiy Serezhkin,2026-10-04,other,containers,1,KAG-bcc_00479,81cf6236cc2387bce94f201d39b8b3811bd4d78d,"sourced image, not photographed by the team; assigned to Khurram Shafique's set; item_count not checked"
bcc_00480,images/bcc_00480.jpg,384,512,kaggle_drinking_waste,https://www.kaggle.com/datasets/arkadiyhacks/drinking-waste-classification,CC0-1.0,Arkadiy Serezhkin,2026-10-04,other,containers,1,KAG-bcc_00480,4f0d722f94c1b65e0bf8bf566b79de3661d191f2,"sourced image, not photographed by the team; assigned to Khurram Shafique's set; item_count not checked"
bcc_00481,images/bcc_00481.jpg,384,512,kaggle_drinking_waste,https://www.kaggle.com/datasets/arkadiyhacks/drinking-waste-classification,CC0-1.0,Arkadiy Serezhkin,2026-10-04,other,containers,1,KAG-bcc_00481,c365ec8139c55527eabfdd10f6a19a4b7869c6f8,"sourced image, not photographed by the team; assigned to Khurram Shafique's set; item_count not checked"
bcc_00482,images/bcc_00482.jpg,384,512,kaggle_drinking_waste,https://www.kaggle.com/datasets/arkadiyhacks/drinking-waste-classification,CC0-1.0,Arkadiy Serezhkin,2026-10-04,other,containers,1,KAG-bcc_00482,bb9c6691f37f80a8d8d9f3c0adb895980f6f48c9,"sourced image, not photographed by the team; assigned to Khurram Shafique's set; item_count not checked"
bcc_00483,images/bcc_00483.jpg,384,512,kaggle_drinking_waste,https://www.kaggle.com/datasets/arkadiyhacks/drinking-waste-classification,CC0-1.0,Arkadiy Serezhkin,2026-10-04,other,containers,1,KAG-bcc_00483,980c7f4a7abd1224fc3c3ed641be155ef7a84808,"sourced image, not photographed by the team; assigned to Khurram Shafique's set; item_count not checked"
bcc_00484,images/bcc_00484.jpg,384,512,kaggle_drinking_waste,https://www.kaggle.com/datasets/arkadiyhacks/drinking-waste-classification,CC0-1.0,Arkadiy Serezhkin,2026-10-04,other,containers,1,KAG-bcc_00484,7b737afe51065573af6aecb3490d765358a206a2,"sourced image, not photographed by the team; assigned to Khurram Shafique's set; item_count not checked"
bcc_00485,images/bcc_00485.jpg,384,512,kaggle_drinking_waste,https://www.kaggle.com/datasets/arkadiyhacks/drinking-waste-classification,CC0-1.0,Arkadiy Serezhkin,2026-10-04,other,containers,1,KAG-bcc_00485,85f05f393dea6238c2563bf899e466c72613079e,"sourced image, not photographed by the team; assigned to Khurram Shafique's set; item_count not checked"
bcc_00486,images/bcc_00486.jpg,384,512,kaggle_drinking_waste,https://www.kaggle.com/datasets/arkadiyhacks/drinking-waste-classification,CC0-1.0,Arkadiy Serezhkin,2026-10-04,other,containers,1,KAG-bcc_00486,185d641735638111231563b48b1b3f720f53acd2,"sourced image, not photographed by the team; assigned to Khurram Shafique's set; item_count not checked"
bcc_00487,images/bcc_00487.jpg,384,512,kaggle_drinking_waste,https://www.kaggle.com/datasets/arkadiyhacks/drinking-waste-classification,CC0-1.0,Arkadiy Serezhkin,2026-10-04,other,containers,1,KAG-bcc_00487,70927d72afa6795e5d37b9b0d601e8949ab09777,"sourced image, not photographed by the team; assigned to Khurram Shafique's set; item_count not checked"
bcc_00488,images/bcc_00488.jpg,384,512,kaggle_drinking_waste,https://www.kaggle.com/datasets/arkadiyhacks/drinking-waste-classification,CC0-1.0,Arkadiy Serezhkin,2026-10-04,other,containers,1,KAG-bcc_00488,fe9881bb8593dcd29203b1b7ae152c10e6d31da7,"sourced image, not photographed by the team; assigned to Khurram Shafique's set; item_count not checked"
bcc_00489,images/bcc_00489.jpg,384,512,kaggle_drinking_waste,https://www.kaggle.com/datasets/arkadiyhacks/drinking-waste-classification,CC0-1.0,Arkadiy Serezhkin,2026-10-04,other,containers,1,KAG-bcc_00489,a06980c35aa17241332fb3cdfa688b3298c48e99,"sourced image, not photographed by the team; assigned to Khurram Shafique's set; item_count not checked"
bcc_00490,images/bcc_00490.jpg,384,512,kaggle_drinking_waste,https://www.kaggle.com/datasets/arkadiyhacks/drinking-waste-classification,CC0-1.0,Arkadiy Serezhkin,2026-10-04,other,containers,1,KAG-bcc_00490,fe20bbb4febc5f85747d64dba8b1859d7fdd8a15,"sourced image, not photographed by the team; assigned to Khurram Shafique's set; item_count not checked"
bcc_00491,images/bcc_00491.jpg,384,512,kaggle_drinking_waste,https://www.kaggle.com/datasets/arkadiyhacks/drinking-waste-classification,CC0-1.0,Arkadiy Serezhkin,2026-10-04,other,containers,1,KAG-bcc_00491,b2b1ffeae1616b4b229cca990217c0883dc4a2c8,"sourced image, not photographed by the team; assigned to Khurram Shafique's set; item_count not checked"
bcc_00492,images/bcc_00492.jpg,384,512,kaggle_drinking_waste,https://www.kaggle.com/datasets/arkadiyhacks/drinking-waste-classification,CC0-1.0,Arkadiy Serezhkin,2026-10-04,other,containers,1,KAG-bcc_00492,34d48c0c9aa578fc4ca569f4d2840653b0a5e1ce,"sourced image, not photographed by the team; assigned to Khurram Shafique's set; item_count not checked"
bcc_00493,images/bcc_00493.jpg,384,512,kaggle_drinking_waste,https://www.kaggle.com/datasets/arkadiyhacks/drinking-waste-classification,CC0-1.0,Arkadiy Serezhkin,2026-10-04,other,containers,1,KAG-bcc_00493,d34f58a0602eb6adf1b7f2f0811210fd77eb434e,"sourced image, not photographed by the team; assigned to Khurram Shafique's set; item_count not checked"
bcc_00494,images/bcc_00494.jpg,384,512,kaggle_drinking_waste,https://www.kaggle.com/datasets/arkadiyhacks/drinking-waste-classification,CC0-1.0,Arkadiy Serezhkin,2026-10-04,other,containers,1,KAG-bcc_00494,4501ad399a24749c2134418a78c1154c7bd77249,"sourced image, not photographed by the team; assigned to Khurram Shafique's set; item_count not checked"
bcc_00495,images/bcc_00495.jpg,384,512,kaggle_drinking_waste,https://www.kaggle.com/datasets/arkadiyhacks/drinking-waste-classification,CC0-1.0,Arkadiy Serezhkin,2026-10-04,other,containers,1,KAG-bcc_00495,ab5facb4b0d772604cbc899c04f3a98e9ed364d4,"sourced image, not photographed by the team; assigned to Khurram Shafique's set; item_count not checked"
bcc_00496,images/bcc_00496.jpg,384,512,kaggle_drinking_waste,https://www.kaggle.com/datasets/arkadiyhacks/drinking-waste-classification,CC0-1.0,Arkadiy Serezhkin,2026-10-04,other,containers,1,KAG-bcc_00496,5ba1f72286051548197604319b5cc2ce0c2345bc,"sourced image, not photographed by the team; assigned to Khurram Shafique's set; item_count not checked"
bcc_00497,images/bcc_00497.jpg,384,512,kaggle_drinking_waste,https://www.kaggle.com/datasets/arkadiyhacks/drinking-waste-classification,CC0-1.0,Arkadiy Serezhkin,2026-10-04,other,containers,1,KAG-bcc_00497,da36c6e54c9a66c530672f8781ebd8bab831cba7,"sourced image, not photographed by the team; assigned to Khurram Shafique's set; item_count not checked"
bcc_00498,images/bcc_00498.jpg,512,384,kaggle_drinking_waste,https://www.kaggle.com/datasets/arkadiyhacks/drinking-waste-classification,CC0-1.0,Arkadiy Serezhkin,2026-10-04,other,containers,1,KAG-bcc_00498,ef88cb0b5c0bcc469abb81f8d201bd02cb92eafe,"sourced image, not photographed by the team; assigned to Khurram Shafique's set; item_count not checked"
bcc_00499,images/bcc_00499.jpg,384,512,kaggle_drinking_waste,https://www.kaggle.com/datasets/arkadiyhacks/drinking-waste-classification,CC0-1.0,Arkadiy Serezhkin,2026-10-04,other,containers,1,KAG-bcc_00499,cb2a4e861b464ec475026b7f01f24bd86efc80ec,"sourced image, not photographed by the team; assigned to Khurram Shafique's set; item_count not checked"
bcc_00500,images/bcc_00500.jpg,384,512,kaggle_drinking_waste,https://www.kaggle.com/datasets/arkadiyhacks/drinking-waste-classification,CC0-1.0,Arkadiy Serezhkin,2026-10-04,other,containers,1,KAG-bcc_00500,2e0a9abc89730febd9dcdd6ead04f20f2281eee9,"sourced image, not photographed by the team; assigned to Khurram Shafique's set; item_count not checked"
bcc_00501,images/bcc_00501.jpg,384,512,kaggle_drinking_waste,https://www.kaggle.com/datasets/arkadiyhacks/drinking-waste-classification,CC0-1.0,Arkadiy Serezhkin,2026-10-04,other,containers,1,KAG-bcc_00501,f443ee0685ad0e16db62ea430d4fbef7f2890adb,"sourced image, not photographed by the team; assigned to Khurram Shafique's set; item_count not checked"
bcc_00502,images/bcc_00502.jpg,384,512,kaggle_drinking_waste,https://www.kaggle.com/datasets/arkadiyhacks/drinking-waste-classification,CC0-1.0,Arkadiy Serezhkin,2026-10-04,other,containers,1,KAG-bcc_00502,0e32ded4cda4471bc2b8ce7d0d4e78afe02fb77c,"sourced image, not photographed by the team; assigned to Khurram Shafique's set; item_count not checked"
bcc_00503,images/bcc_00503.jpg,384,512,kaggle_drinking_waste,https://www.kaggle.com/datasets/arkadiyhacks/drinking-waste-classification,CC0-1.0,Arkadiy Serezhkin,2026-10-04,other,containers,1,KAG-bcc_00503,f742e00e1b323f1113f8622f42450c8ea829e9f0,"sourced image, not photographed by the team; assigned to Khurram Shafique's set; item_count not checked"
bcc_00504,images/bcc_00504.jpg,384,512,kaggle_drinking_waste,https://www.kaggle.com/datasets/arkadiyhacks/drinking-waste-classification,CC0-1.0,Arkadiy Serezhkin,2026-10-04,other,containers,1,KAG-bcc_00504,94f20de4422f0aed8422cc21c9b775d1a86a01b8,"sourced image, not photographed by the team; assigned to Khurram Shafique's set; item_count not checked"
bcc_00505,images/bcc_00505.jpg,384,512,kaggle_drinking_waste,https://www.kaggle.com/datasets/arkadiyhacks/drinking-waste-classification,CC0-1.0,Arkadiy Serezhkin,2026-10-04,other,containers,1,KAG-bcc_00505,ba7ff365c097c8c42a5b5a8c9bce43bdf69eb3c9,"sourced image, not photographed by the team; assigned to Khurram Shafique's set; item_count not checked"
bcc_00506,images/bcc_00506.jpg,512,384,kaggle_drinking_waste,https://www.kaggle.com/datasets/arkadiyhacks/drinking-waste-classification,CC0-1.0,Arkadiy Serezhkin,2026-10-04,other,containers,1,KAG-bcc_00506,9a85c91b0b76ef5f2681399b43ac3b801720cf03,"sourced image, not photographed by the team; assigned to Khurram Shafique's set; item_count not checked"
bcc_00507,images/bcc_00507.jpg,384,512,kaggle_drinking_waste,https://www.kaggle.com/datasets/arkadiyhacks/drinking-waste-classification,CC0-1.0,Arkadiy Serezhkin,2026-10-04,other,containers,1,KAG-bcc_00507,2dfdcb28098c57018fabe1e1de77661c3c8e7019,"sourced image, not photographed by the team; assigned to Khurram Shafique's set; item_count not checked"
bcc_00508,images/bcc_00508.jpg,384,512,kaggle_drinking_waste,https://www.kaggle.com/datasets/arkadiyhacks/drinking-waste-classification,CC0-1.0,Arkadiy Serezhkin,2026-10-04,other,containers,1,KAG-bcc_00508,4b99509e7fc7664394218e87200eeaca68c6c993,"sourced image, not photographed by the team; assigned to Khurram Shafique's set; item_count not checked"
bcc_00509,images/bcc_00509.jpg,384,512,kaggle_drinking_waste,https://www.kaggle.com/datasets/arkadiyhacks/drinking-waste-classification,CC0-1.0,Arkadiy Serezhkin,2026-10-04,other,containers,1,KAG-bcc_00509,05634b6ec617954131ff1e921d0a9ab0c8001558,"sourced image, not photographed by the team; assigned to Khurram Shafique's set; item_count not checked"
bcc_00510,images/bcc_00510.jpg,384,512,kaggle_drinking_waste,https://www.kaggle.com/datasets/arkadiyhacks/drinking-waste-classification,CC0-1.0,Arkadiy Serezhkin,2026-10-04,other,containers,1,KAG-bcc_00510,65bd461d0830b9af3dc09eb463d18dba38e637a2,"sourced image, not photographed by the team; assigned to Khurram Shafique's set; item_count not checked"
bcc_00511,images/bcc_00511.jpg,384,512,kaggle_drinking_waste,https://www.kaggle.com/datasets/arkadiyhacks/drinking-waste-classification,CC0-1.0,Arkadiy Serezhkin,2026-10-04,other,containers,1,KAG-bcc_00511,668d51d8798f41435348c7588c628da71e79fad8,"sourced image, not photographed by the team; assigned to Khurram Shafique's set; item_count not checked"
bcc_00512,images/bcc_00512.jpg,384,512,kaggle_drinking_waste,https://www.kaggle.com/datasets/arkadiyhacks/drinking-waste-classification,CC0-1.0,Arkadiy Serezhkin,2026-10-04,other,containers,1,KAG-bcc_00512,4d21111adad6ce1d8ee0e3116f97e2dcf9640601,"sourced image, not photographed by the team; assigned to Khurram Shafique's set; item_count not checked"
bcc_00513,images/bcc_00513.jpg,384,512,kaggle_drinking_waste,https://www.kaggle.com/datasets/arkadiyhacks/drinking-waste-classification,CC0-1.0,Arkadiy Serezhkin,2026-10-04,other,containers,1,KAG-bcc_00513,09787a4b25cda1fc593bfb14bf42fa9e8b70f733,"sourced image, not photographed by the team; assigned to Daud Jan's set; item_count not checked"
bcc_00514,images/bcc_00514.jpg,384,512,kaggle_drinking_waste,https://www.kaggle.com/datasets/arkadiyhacks/drinking-waste-classification,CC0-1.0,Arkadiy Serezhkin,2026-10-04,other,containers,1,KAG-bcc_00514,2b648593cbf2dac343fd8458797bf700d4ec0d60,"sourced image, not photographed by the team; assigned to Daud Jan's set; item_count not checked"
bcc_00515,images/bcc_00515.jpg,384,512,kaggle_drinking_waste,https://www.kaggle.com/datasets/arkadiyhacks/drinking-waste-classification,CC0-1.0,Arkadiy Serezhkin,2026-10-04,other,containers,1,KAG-bcc_00515,36b2f112035575bd75e4527c5d1aeaecb6455b83,"sourced image, not photographed by the team; assigned to Daud Jan's set; item_count not checked"
bcc_00516,images/bcc_00516.jpg,384,512,kaggle_drinking_waste,https://www.kaggle.com/datasets/arkadiyhacks/drinking-waste-classification,CC0-1.0,Arkadiy Serezhkin,2026-10-04,other,containers,1,KAG-bcc_00516,fd2507a7b9409ce604919334400b709fec53a0be,"sourced image, not photographed by the team; assigned to Daud Jan's set; item_count not checked"
bcc_00517,images/bcc_00517.jpg,384,512,kaggle_drinking_waste,https://www.kaggle.com/datasets/arkadiyhacks/drinking-waste-classification,CC0-1.0,Arkadiy Serezhkin,2026-10-04,other,containers,1,KAG-bcc_00517,2967329344faf32052efd81ed5ee554dcbd17a25,"sourced image, not photographed by the team; assigned to Daud Jan's set; item_count not checked"
bcc_00518,images/bcc_00518.jpg,384,512,kaggle_drinking_waste,https://www.kaggle.com/datasets/arkadiyhacks/drinking-waste-classification,CC0-1.0,Arkadiy Serezhkin,2026-10-04,other,containers,1,KAG-bcc_00518,3779ea7eb0acf45e631ae1d300ad1257ce447f53,"sourced image, not photographed by the team; assigned to Daud Jan's set; item_count not checked"
bcc_00519,images/bcc_00519.jpg,384,512,kaggle_drinking_waste,https://www.kaggle.com/datasets/arkadiyhacks/drinking-waste-classification,CC0-1.0,Arkadiy Serezhkin,2026-10-04,other,containers,1,KAG-bcc_00519,49b7a64f60ddc9e37d6832170096232ab9511554,"sourced image, not photographed by the team; assigned to Daud Jan's set; item_count not checked"
bcc_00520,images/bcc_00520.jpg,512,384,kaggle_drinking_waste,https://www.kaggle.com/datasets/arkadiyhacks/drinking-waste-classification,CC0-1.0,Arkadiy Serezhkin,2026-10-04,other,containers,1,KAG-bcc_00520,286d1dfaa07a795e6449206323a9360738282990,"sourced image, not photographed by the team; assigned to Daud Jan's set; item_count not checked"
bcc_00521,images/bcc_00521.jpg,512,384,kaggle_drinking_waste,https://www.kaggle.com/datasets/arkadiyhacks/drinking-waste-classification,CC0-1.0,Arkadiy Serezhkin,2026-10-04,other,containers,1,KAG-bcc_00521,a6abaa980087439db60676a301593fb630423278,"sourced image, not photographed by the team; assigned to Daud Jan's set; item_count not checked"
bcc_00522,images/bcc_00522.jpg,512,384,kaggle_drinking_waste,https://www.kaggle.com/datasets/arkadiyhacks/drinking-waste-classification,CC0-1.0,Arkadiy Serezhkin,2026-10-04,other,containers,1,KAG-bcc_00522,5f95f61e17c0ebad69030b517e87c8c0a66adb6f,"sourced image, not photographed by the team; assigned to Daud Jan's set; item_count not checked"
bcc_00523,images/bcc_00523.jpg,384,512,kaggle_drinking_waste,https://www.kaggle.com/datasets/arkadiyhacks/drinking-waste-classification,CC0-1.0,Arkadiy Serezhkin,2026-10-04,other,containers,1,KAG-bcc_00523,15eaf5f56d6f8efa13a6a76a27bd435a82354267,"sourced image, not photographed by the team; assigned to Daud Jan's set; item_count not checked"
bcc_00524,images/bcc_00524.jpg,384,512,kaggle_drinking_waste,https://www.kaggle.com/datasets/arkadiyhacks/drinking-waste-classification,CC0-1.0,Arkadiy Serezhkin,2026-10-04,other,containers,1,KAG-bcc_00524,cb48d322325ccb4f8352306252e30b2720754255,"sourced image, not photographed by the team; assigned to Daud Jan's set; item_count not checked"
bcc_00525,images/bcc_00525.jpg,384,512,kaggle_drinking_waste,https://www.kaggle.com/datasets/arkadiyhacks/drinking-waste-classification,CC0-1.0,Arkadiy Serezhkin,2026-10-04,other,containers,1,KAG-bcc_00525,59235962ca9e5bd09cbc789148db08b2fe18453c,"sourced image, not photographed by the team; assigned to Daud Jan's set; item_count not checked"
bcc_00526,images/bcc_00526.jpg,384,512,kaggle_drinking_waste,https://www.kaggle.com/datasets/arkadiyhacks/drinking-waste-classification,CC0-1.0,Arkadiy Serezhkin,2026-10-04,other,containers,1,KAG-bcc_00526,03ff2b5b93821c6940dce2db5d4d8f4a01ef754b,"sourced image, not photographed by the team; assigned to Daud Jan's set; item_count not checked"
bcc_00527,images/bcc_00527.jpg,384,512,kaggle_drinking_waste,https://www.kaggle.com/datasets/arkadiyhacks/drinking-waste-classification,CC0-1.0,Arkadiy Serezhkin,2026-10-04,other,containers,1,KAG-bcc_00527,ccdd63c8c4e1c9d104155e2107d88f44b668f059,"sourced image, not photographed by the team; assigned to Daud Jan's set; item_count not checked"
bcc_00528,images/bcc_00528.jpg,384,512,kaggle_drinking_waste,https://www.kaggle.com/datasets/arkadiyhacks/drinking-waste-classification,CC0-1.0,Arkadiy Serezhkin,2026-10-04,other,containers,1,KAG-bcc_00528,dc4e8117701b25c73316c5c15e8a316ac43a6554,"sourced image, not photographed by the team; assigned to Khurram Shafique's set; item_count not checked"
bcc_00529,images/bcc_00529.jpg,384,512,kaggle_drinking_waste,https://www.kaggle.com/datasets/arkadiyhacks/drinking-waste-classification,CC0-1.0,Arkadiy Serezhkin,2026-10-04,other,containers,1,KAG-bcc_00529,09f6dbbc2481261fe36810ec76d1c5b723a5d610,"sourced image, not photographed by the team; assigned to Khurram Shafique's set; item_count not checked"
bcc_00530,images/bcc_00530.jpg,512,384,kaggle_drinking_waste,https://www.kaggle.com/datasets/arkadiyhacks/drinking-waste-classification,CC0-1.0,Arkadiy Serezhkin,2026-10-04,other,containers,1,KAG-bcc_00530,9ab68c7d3d8249450a56414cf0abfdb7ef2156b0,"sourced image, not photographed by the team; assigned to Khurram Shafique's set; item_count not checked"
bcc_00531,images/bcc_00531.jpg,384,512,kaggle_drinking_waste,https://www.kaggle.com/datasets/arkadiyhacks/drinking-waste-classification,CC0-1.0,Arkadiy Serezhkin,2026-10-04,other,containers,1,KAG-bcc_00531,59d54b7c83e2fd83fbac653dc7fa32357a853b90,"sourced image, not photographed by the team; assigned to Khurram Shafique's set; item_count not checked"
bcc_00532,images/bcc_00532.jpg,384,512,kaggle_drinking_waste,https://www.kaggle.com/datasets/arkadiyhacks/drinking-waste-classification,CC0-1.0,Arkadiy Serezhkin,2026-10-04,other,containers,1,KAG-bcc_00532,41f9168e63ea84ae6f59a0700c8c83859f1f8462,"sourced image, not photographed by the team; assigned to Khurram Shafique's set; item_count not checked"
bcc_00533,images/bcc_00533.jpg,384,512,kaggle_drinking_waste,https://www.kaggle.com/datasets/arkadiyhacks/drinking-waste-classification,CC0-1.0,Arkadiy Serezhkin,2026-10-04,other,containers,1,KAG-bcc_00533,bb87dd293889098a23565926e3b38e94605b7145,"sourced image, not photographed by the team; assigned to Khurram Shafique's set; item_count not checked"
bcc_00534,images/bcc_00534.jpg,384,512,kaggle_drinking_waste,https://www.kaggle.com/datasets/arkadiyhacks/drinking-waste-classification,CC0-1.0,Arkadiy Serezhkin,2026-10-04,other,containers,1,KAG-bcc_00534,23400c34f5e235ccf6f42d7d3f41e5141ec9d087,"sourced image, not photographed by the team; assigned to Khurram Shafique's set; item_count not checked"
bcc_00535,images/bcc_00535.jpg,384,512,kaggle_drinking_waste,https://www.kaggle.com/datasets/arkadiyhacks/drinking-waste-classification,CC0-1.0,Arkadiy Serezhkin,2026-10-04,other,containers,1,KAG-bcc_00535,1d458fb39ee719bc283fe05a23324f1b1b91d17a,"sourced image, not photographed by the team; assigned to Khurram Shafique's set; item_count not checked"
bcc_00536,images/bcc_00536.jpg,384,512,kaggle_drinking_waste,https://www.kaggle.com/datasets/arkadiyhacks/drinking-waste-classification,CC0-1.0,Arkadiy Serezhkin,2026-10-04,other,containers,1,KAG-bcc_00536,e2200c6b63a1e34a2598a2ad66cb588b508ba68a,"sourced image, not photographed by the team; assigned to Khurram Shafique's set; item_count not checked"
bcc_00537,images/bcc_00537.jpg,384,512,kaggle_drinking_waste,https://www.kaggle.com/datasets/arkadiyhacks/drinking-waste-classification,CC0-1.0,Arkadiy Serezhkin,2026-10-04,other,containers,1,KAG-bcc_00537,c69274a38e5d941e28c80ba7073b9ef6022637b6,"sourced image, not photographed by the team; assigned to Khurram Shafique's set; item_count not checked"
bcc_00538,images/bcc_00538.jpg,384,512,kaggle_drinking_waste,https://www.kaggle.com/datasets/arkadiyhacks/drinking-waste-classification,CC0-1.0,Arkadiy Serezhkin,2026-10-04,other,containers,1,KAG-bcc_00538,a1381177d1e53fe9851ed42506524aa7d6c678df,"sourced image, not photographed by the team; assigned to Khurram Shafique's set; item_count not checked"
bcc_00539,images/bcc_00539.jpg,384,512,kaggle_drinking_waste,https://www.kaggle.com/datasets/arkadiyhacks/drinking-waste-classification,CC0-1.0,Arkadiy Serezhkin,2026-10-04,other,containers,1,KAG-bcc_00539,fdbba48c20d97ecbb95786a3bd339d213196eb39,"sourced image, not photographed by the team; assigned to Khurram Shafique's set; item_count not checked"
bcc_00540,images/bcc_00540.jpg,384,512,kaggle_drinking_waste,https://www.kaggle.com/datasets/arkadiyhacks/drinking-waste-classification,CC0-1.0,Arkadiy Serezhkin,2026-10-04,other,containers,1,KAG-bcc_00540,a0221f29bd069ca6abd4a3417c63191d07924d1a,"sourced image, not photographed by the team; assigned to Khurram Shafique's set; item_count not checked"
bcc_00541,images/bcc_00541.jpg,384,512,kaggle_drinking_waste,https://www.kaggle.com/datasets/arkadiyhacks/drinking-waste-classification,CC0-1.0,Arkadiy Serezhkin,2026-10-04,other,containers,1,KAG-bcc_00541,cc9e2994ab685646f263f51deadf212452192e4c,"sourced image, not photographed by the team; assigned to Khurram Shafique's set; item_count not checked"
bcc_00542,images/bcc_00542.jpg,384,512,kaggle_drinking_waste,https://www.kaggle.com/datasets/arkadiyhacks/drinking-waste-classification,CC0-1.0,Arkadiy Serezhkin,2026-10-04,other,containers,1,KAG-bcc_00542,f173c8f7e9584ef6675882bb40763b162f05c1f0,"sourced image, not photographed by the team; assigned to Khurram Shafique's set; item_count not checked"
bcc_00543,images/bcc_00543.jpg,384,512,kaggle_drinking_waste,https://www.kaggle.com/datasets/arkadiyhacks/drinking-waste-classification,CC0-1.0,Arkadiy Serezhkin,2026-10-04,other,containers,1,KAG-bcc_00543,091f56d0bb27baea0107f1c106cd1262050e96db,"sourced image, not photographed by the team; assigned to Khurram Shafique's set; item_count not checked"
bcc_00544,images/bcc_00544.jpg,384,512,kaggle_drinking_waste,https://www.kaggle.com/datasets/arkadiyhacks/drinking-waste-classification,CC0-1.0,Arkadiy Serezhkin,2026-10-04,other,containers,1,KAG-bcc_00544,ef66ed0de9e755678fd93c21b7c760247f269627,"sourced image, not photographed by the team; assigned to Khurram Shafique's set; item_count not checked"
bcc_00545,images/bcc_00545.jpg,384,512,kaggle_drinking_waste,https://www.kaggle.com/datasets/arkadiyhacks/drinking-waste-classification,CC0-1.0,Arkadiy Serezhkin,2026-10-04,other,containers,1,KAG-bcc_00545,1f682265cec892b9ec5f7d57d06dd284adaf07e3,"sourced image, not photographed by the team; assigned to Khurram Shafique's set; item_count not checked"
bcc_00546,images/bcc_00546.jpg,384,512,kaggle_drinking_waste,https://www.kaggle.com/datasets/arkadiyhacks/drinking-waste-classification,CC0-1.0,Arkadiy Serezhkin,2026-10-04,other,containers,1,KAG-bcc_00546,7b91a2a58cf812873d7149e39063828b2a7645c7,"sourced image, not photographed by the team; assigned to Khurram Shafique's set; item_count not checked"
bcc_00547,images/bcc_00547.jpg,384,512,kaggle_drinking_waste,https://www.kaggle.com/datasets/arkadiyhacks/drinking-waste-classification,CC0-1.0,Arkadiy Serezhkin,2026-10-04,other,containers,1,KAG-bcc_00547,5d6e547635cd366a1aed0206193c868e87c72652,"sourced image, not photographed by the team; assigned to Khurram Shafique's set; item_count not checked"
bcc_00548,images/bcc_00548.jpg,384,512,kaggle_drinking_waste,https://www.kaggle.com/datasets/arkadiyhacks/drinking-waste-classification,CC0-1.0,Arkadiy Serezhkin,2026-10-04,other,containers,1,KAG-bcc_00548,540f2b82c502ffdf63126f893cf4c369c197cedf,"sourced image, not photographed by the team; assigned to Khurram Shafique's set; item_count not checked"
bcc_00549,images/bcc_00549.jpg,384,512,kaggle_drinking_waste,https://www.kaggle.com/datasets/arkadiyhacks/drinking-waste-classification,CC0-1.0,Arkadiy Serezhkin,2026-10-04,other,containers,1,KAG-bcc_00549,065dd9830df24a2dbb8d3c791fa2f53ec15296bf,"sourced image, not photographed by the team; assigned to Khurram Shafique's set; item_count not checked"
bcc_00550,images/bcc_00550.jpg,384,512,kaggle_drinking_waste,https://www.kaggle.com/datasets/arkadiyhacks/drinking-waste-classification,CC0-1.0,Arkadiy Serezhkin,2026-10-04,other,containers,1,KAG-bcc_00550,ec18ec41f1c852b7e6e77e10168116b23717b068,"sourced image, not photographed by the team; assigned to Khurram Shafique's set; item_count not checked"
bcc_00551,images/bcc_00551.jpg,384,512,kaggle_drinking_waste,https://www.kaggle.com/datasets/arkadiyhacks/drinking-waste-classification,CC0-1.0,Arkadiy Serezhkin,2026-10-04,other,containers,1,KAG-bcc_00551,f335895455e9c05bf8430dc74252646bb04a83f8,"sourced image, not photographed by the team; assigned to Khurram Shafique's set; item_count not checked"
bcc_00552,images/bcc_00552.jpg,512,384,kaggle_drinking_waste,https://www.kaggle.com/datasets/arkadiyhacks/drinking-waste-classification,CC0-1.0,Arkadiy Serezhkin,2026-10-04,other,containers,1,KAG-bcc_00552,dcfcd87091f59bac39a228c252ca0855796c8c07,"sourced image, not photographed by the team; assigned to Khurram Shafique's set; item_count not checked"
bcc_00553,images/bcc_00553.jpg,384,512,kaggle_drinking_waste,https://www.kaggle.com/datasets/arkadiyhacks/drinking-waste-classification,CC0-1.0,Arkadiy Serezhkin,2026-10-04,other,containers,1,KAG-bcc_00553,7ee20c9af3067b7281262114e9af3c1c51e89e01,"sourced image, not photographed by the team; assigned to Khurram Shafique's set; item_count not checked"
bcc_00554,images/bcc_00554.jpg,384,512,kaggle_drinking_waste,https://www.kaggle.com/datasets/arkadiyhacks/drinking-waste-classification,CC0-1.0,Arkadiy Serezhkin,2026-10-04,other,containers,1,KAG-bcc_00554,a5ad4ac240dff7b8faff9fe5e1b100dbd6f46cc8,"sourced image, not photographed by the team; assigned to Khurram Shafique's set; item_count not checked"
bcc_00555,images/bcc_00555.jpg,384,512,kaggle_drinking_waste,https://www.kaggle.com/datasets/arkadiyhacks/drinking-waste-classification,CC0-1.0,Arkadiy Serezhkin,2026-10-04,other,containers,1,KAG-bcc_00555,384dd518c19b78d372431fcfa19d923e39164ac1,"sourced image, not photographed by the team; assigned to Khurram Shafique's set; item_count not checked"
bcc_00556,images/bcc_00556.jpg,384,512,kaggle_drinking_waste,https://www.kaggle.com/datasets/arkadiyhacks/drinking-waste-classification,CC0-1.0,Arkadiy Serezhkin,2026-10-04,other,containers,1,KAG-bcc_00556,19614cea26be27653e658001f7111320910ff1dd,"sourced image, not photographed by the team; assigned to Khurram Shafique's set; item_count not checked"
bcc_00557,images/bcc_00557.jpg,384,512,kaggle_drinking_waste,https://www.kaggle.com/datasets/arkadiyhacks/drinking-waste-classification,CC0-1.0,Arkadiy Serezhkin,2026-10-04,other,containers,1,KAG-bcc_00557,5f76bdeb668bcb51dde649c28ca6fc6955e98e26,"sourced image, not photographed by the team; assigned to Khurram Shafique's set; item_count not checked"
bcc_00558,images/bcc_00558.jpg,512,512,realwaste,https://github.com/sam-single/realwaste,CC-BY-NC-SA-4.0,Sam Single et al. (RealWaste),2026-10-04,other,containers,1,REA-bcc_00558,8c2e6869c39dd9391091229e4cbae0122417f751,"sourced image, not photographed by the team; assigned to Daud Jan's set; item_count not checked"
bcc_00559,images/bcc_00559.jpg,512,512,realwaste,https://github.com/sam-single/realwaste,CC-BY-NC-SA-4.0,Sam Single et al. (RealWaste),2026-10-04,other,containers,1,REA-bcc_00559,73a80bf4d944ca93253d5f6fc4518b2944f0c259,"sourced image, not photographed by the team; assigned to Daud Jan's set; item_count not checked"
bcc_00560,images/bcc_00560.jpg,512,512,realwaste,https://github.com/sam-single/realwaste,CC-BY-NC-SA-4.0,Sam Single et al. (RealWaste),2026-10-04,other,containers,1,REA-bcc_00560,285915904a0ddcf41667158364cd1d5c09ec4f49,"sourced image, not photographed by the team; assigned to Daud Jan's set; item_count not checked"
bcc_00561,images/bcc_00561.jpg,512,512,realwaste,https://github.com/sam-single/realwaste,CC-BY-NC-SA-4.0,Sam Single et al. (RealWaste),2026-10-04,other,containers,1,REA-bcc_00561,4608a29d681259e74b30f2f6d18888887aa26df9,"sourced image, not photographed by the team; assigned to Daud Jan's set; item_count not checked"
bcc_00562,images/bcc_00562.jpg,512,512,realwaste,https://github.com/sam-single/realwaste,CC-BY-NC-SA-4.0,Sam Single et al. (RealWaste),2026-10-04,other,containers,1,REA-bcc_00562,c23ddb105d9d046e466ae19da7b564fff28b5508,"sourced image, not photographed by the team; assigned to Daud Jan's set; item_count not checked"
bcc_00563,images/bcc_00563.jpg,512,512,realwaste,https://github.com/sam-single/realwaste,CC-BY-NC-SA-4.0,Sam Single et al. (RealWaste),2026-10-04,other,containers,1,REA-bcc_00563,6af45ade2c8b27f48c62ba0cbe943547c96a2b53,"sourced image, not photographed by the team; assigned to Daud Jan's set; item_count not checked"
bcc_00564,images/bcc_00564.jpg,512,512,realwaste,https://github.com/sam-single/realwaste,CC-BY-NC-SA-4.0,Sam Single et al. (RealWaste),2026-10-04,other,containers,1,REA-bcc_00564,413e47bc9643547c688df620e4870c9566b7cf7f,"sourced image, not photographed by the team; assigned to Daud Jan's set; item_count not checked"
bcc_00565,images/bcc_00565.jpg,512,512,realwaste,https://github.com/sam-single/realwaste,CC-BY-NC-SA-4.0,Sam Single et al. (RealWaste),2026-10-04,other,containers,1,REA-bcc_00565,c70081cc23c1f7a2f3e3923627b0d55ef05a47aa,"sourced image, not photographed by the team; assigned to Daud Jan's set; item_count not checked"
bcc_00566,images/bcc_00566.jpg,512,512,realwaste,https://github.com/sam-single/realwaste,CC-BY-NC-SA-4.0,Sam Single et al. (RealWaste),2026-10-04,other,containers,1,REA-bcc_00566,c1cd0fd06f6ce0858b02ed3b4c13e18cf44e8148,"sourced image, not photographed by the team; assigned to Daud Jan's set; item_count not checked"
bcc_00567,images/bcc_00567.jpg,512,512,realwaste,https://github.com/sam-single/realwaste,CC-BY-NC-SA-4.0,Sam Single et al. (RealWaste),2026-10-04,other,containers,1,REA-bcc_00567,99a52d4259ec280b92600c036ec864d35dd856d3,"sourced image, not photographed by the team; assigned to Daud Jan's set; item_count not checked"
bcc_00568,images/bcc_00568.jpg,512,512,realwaste,https://github.com/sam-single/realwaste,CC-BY-NC-SA-4.0,Sam Single et al. (RealWaste),2026-10-04,other,containers,1,REA-bcc_00568,195e9c2325e95ff7554bd9a00501a58bc5fa95ef,"sourced image, not photographed by the team; assigned to Daud Jan's set; item_count not checked"
bcc_00569,images/bcc_00569.jpg,512,512,realwaste,https://github.com/sam-single/realwaste,CC-BY-NC-SA-4.0,Sam Single et al. (RealWaste),2026-10-04,other,containers,1,REA-bcc_00569,70542d71c02e39b74198fd2db0da1c4b23f59844,"sourced image, not photographed by the team; assigned to Daud Jan's set; item_count not checked"
bcc_00570,images/bcc_00570.jpg,512,512,realwaste,https://github.com/sam-single/realwaste,CC-BY-NC-SA-4.0,Sam Single et al. (RealWaste),2026-10-04,other,containers,1,REA-bcc_00570,76d087c2d90c545e8fffa4afaa893b09e3fc9c3a,"sourced image, not photographed by the team; assigned to Daud Jan's set; item_count not checked"
bcc_00571,images/bcc_00571.jpg,512,512,realwaste,https://github.com/sam-single/realwaste,CC-BY-NC-SA-4.0,Sam Single et al. (RealWaste),2026-10-04,other,containers,1,REA-bcc_00571,2f391dee83c20bc1e6fc8b304b3aedf50dbe0c8f,"sourced image, not photographed by the team; assigned to Daud Jan's set; item_count not checked"
bcc_00572,images/bcc_00572.jpg,512,512,realwaste,https://github.com/sam-single/realwaste,CC-BY-NC-SA-4.0,Sam Single et al. (RealWaste),2026-10-04,other,containers,1,REA-bcc_00572,7c4376a25b4e0718ba1c23238845bcbec93b4516,"sourced image, not photographed by the team; assigned to Daud Jan's set; item_count not checked"
bcc_00573,images/bcc_00573.jpg,512,512,realwaste,https://github.com/sam-single/realwaste,CC-BY-NC-SA-4.0,Sam Single et al. (RealWaste),2026-10-04,other,containers,1,REA-bcc_00573,362f56caa8154592f880ac4fce4c1cf367511fcd,"sourced image, not photographed by the team; assigned to Daud Jan's set; item_count not checked"
bcc_00574,images/bcc_00574.jpg,512,512,realwaste,https://github.com/sam-single/realwaste,CC-BY-NC-SA-4.0,Sam Single et al. (RealWaste),2026-10-04,other,containers,1,REA-bcc_00574,7ac712dd2f9a0e6f30c3d75e165352fc47b798c9,"sourced image, not photographed by the team; assigned to Daud Jan's set; item_count not checked"
bcc_00575,images/bcc_00575.jpg,512,512,realwaste,https://github.com/sam-single/realwaste,CC-BY-NC-SA-4.0,Sam Single et al. (RealWaste),2026-10-04,other,containers,1,REA-bcc_00575,8f4d2c95271df81e01ff777bd8abb9c19ca25535,"sourced image, not photographed by the team; assigned to Daud Jan's set; item_count not checked"
bcc_00576,images/bcc_00576.jpg,512,512,realwaste,https://github.com/sam-single/realwaste,CC-BY-NC-SA-4.0,Sam Single et al. (RealWaste),2026-10-04,other,containers,1,REA-bcc_00576,d968450c1ca4e94e992a24f2aced2b800c959c8d,"sourced image, not photographed by the team; assigned to Daud Jan's set; item_count not checked"
bcc_00577,images/bcc_00577.jpg,512,512,realwaste,https://github.com/sam-single/realwaste,CC-BY-NC-SA-4.0,Sam Single et al. (RealWaste),2026-10-04,other,containers,1,REA-bcc_00577,1167772564999ef15abfdef597673009e5d8a7ae,"sourced image, not photographed by the team; assigned to Daud Jan's set; item_count not checked"
bcc_00578,images/bcc_00578.jpg,512,512,realwaste,https://github.com/sam-single/realwaste,CC-BY-NC-SA-4.0,Sam Single et al. (RealWaste),2026-10-04,other,containers,1,REA-bcc_00578,378fccd832ea1ab20e17c6cd27df4a9a033b9e98,"sourced image, not photographed by the team; assigned to Daud Jan's set; item_count not checked"
bcc_00579,images/bcc_00579.jpg,512,512,realwaste,https://github.com/sam-single/realwaste,CC-BY-NC-SA-4.0,Sam Single et al. (RealWaste),2026-10-04,other,containers,1,REA-bcc_00579,133eaccab5c1d3159d14a9d7606e6fdb45724605,"sourced image, not photographed by the team; assigned to Daud Jan's set; item_count not checked"
bcc_00580,images/bcc_00580.jpg,512,512,realwaste,https://github.com/sam-single/realwaste,CC-BY-NC-SA-4.0,Sam Single et al. (RealWaste),2026-10-04,other,containers,1,REA-bcc_00580,5c705167fb70fd5c858d583d3c84f7e88654db3c,"sourced image, not photographed by the team; assigned to Daud Jan's set; item_count not checked"
bcc_00581,images/bcc_00581.jpg,512,512,realwaste,https://github.com/sam-single/realwaste,CC-BY-NC-SA-4.0,Sam Single et al. (RealWaste),2026-10-04,other,containers,1,REA-bcc_00581,f3e6d72ce0e6eff49781b21a4f4aa7734feb03ee,"sourced image, not photographed by the team; assigned to Daud Jan's set; item_count not checked"
bcc_00582,images/bcc_00582.jpg,512,512,realwaste,https://github.com/sam-single/realwaste,CC-BY-NC-SA-4.0,Sam Single et al. (RealWaste),2026-10-04,other,containers,1,REA-bcc_00582,f4d47b6ca980d43846d32c1df9e5216235481c22,"sourced image, not photographed by the team; assigned to Daud Jan's set; item_count not checked"
bcc_00583,images/bcc_00583.jpg,512,512,realwaste,https://github.com/sam-single/realwaste,CC-BY-NC-SA-4.0,Sam Single et al. (RealWaste),2026-10-04,other,containers,1,REA-bcc_00583,0406b541a403e733e12297e7e067f828c12cdd3b,"sourced image, not photographed by the team; assigned to Khurram Shafique's set; item_count not checked"
bcc_00584,images/bcc_00584.jpg,512,512,realwaste,https://github.com/sam-single/realwaste,CC-BY-NC-SA-4.0,Sam Single et al. (RealWaste),2026-10-04,other,containers,1,REA-bcc_00584,010fbb641ebe9be65c0040bb0c57cbc950d7d373,"sourced image, not photographed by the team; assigned to Khurram Shafique's set; item_count not checked"
bcc_00585,images/bcc_00585.jpg,512,512,realwaste,https://github.com/sam-single/realwaste,CC-BY-NC-SA-4.0,Sam Single et al. (RealWaste),2026-10-04,other,containers,1,REA-bcc_00585,8bcc03b98128f5a4063eade6954da4f122692e81,"sourced image, not photographed by the team; assigned to Khurram Shafique's set; item_count not checked"
bcc_00586,images/bcc_00586.jpg,512,512,realwaste,https://github.com/sam-single/realwaste,CC-BY-NC-SA-4.0,Sam Single et al. (RealWaste),2026-10-04,other,containers,1,REA-bcc_00586,47698534179904f4e3a2720ca2830f86b70b0c0e,"sourced image, not photographed by the team; assigned to Khurram Shafique's set; item_count not checked"
bcc_00587,images/bcc_00587.jpg,512,512,realwaste,https://github.com/sam-single/realwaste,CC-BY-NC-SA-4.0,Sam Single et al. (RealWaste),2026-10-04,other,containers,1,REA-bcc_00587,44a9d1076c578a0dfad3e6ec1ae35a78b8b569fe,"sourced image, not photographed by the team; assigned to Khurram Shafique's set; item_count not checked"
bcc_00588,images/bcc_00588.jpg,512,512,realwaste,https://github.com/sam-single/realwaste,CC-BY-NC-SA-4.0,Sam Single et al. (RealWaste),2026-10-04,other,containers,1,REA-bcc_00588,5b50cdfd3d985e608456640c633ac43087b35eb4,"sourced image, not photographed by the team; assigned to Khurram Shafique's set; item_count not checked"
bcc_00589,images/bcc_00589.jpg,512,512,realwaste,https://github.com/sam-single/realwaste,CC-BY-NC-SA-4.0,Sam Single et al. (RealWaste),2026-10-04,other,containers,1,REA-bcc_00589,7db0f208df30b47163b9600b004cd96fdf9cd1c1,"sourced image, not photographed by the team; assigned to Khurram Shafique's set; item_count not checked"
bcc_00590,images/bcc_00590.jpg,512,512,realwaste,https://github.com/sam-single/realwaste,CC-BY-NC-SA-4.0,Sam Single et al. (RealWaste),2026-10-04,other,containers,1,REA-bcc_00590,9d0c6eab13e8fb6eebfb362d728bf5f77e00be1e,"sourced image, not photographed by the team; assigned to Khurram Shafique's set; item_count not checked"
bcc_00591,images/bcc_00591.jpg,512,512,realwaste,https://github.com/sam-single/realwaste,CC-BY-NC-SA-4.0,Sam Single et al. (RealWaste),2026-10-04,other,containers,1,REA-bcc_00591,0e1338e9fdc151eddee2190f87ee661897ee1fd8,"sourced image, not photographed by the team; assigned to Khurram Shafique's set; item_count not checked"
bcc_00592,images/bcc_00592.jpg,512,512,realwaste,https://github.com/sam-single/realwaste,CC-BY-NC-SA-4.0,Sam Single et al. (RealWaste),2026-10-04,other,containers,1,REA-bcc_00592,d50ec13dbced7b2973e1ef2cb12c476aa3a98f42,"sourced image, not photographed by the team; assigned to Khurram Shafique's set; item_count not checked"
bcc_00593,images/bcc_00593.jpg,512,512,realwaste,https://github.com/sam-single/realwaste,CC-BY-NC-SA-4.0,Sam Single et al. (RealWaste),2026-10-04,other,containers,1,REA-bcc_00593,704c2e6fc8cc31927d98cc463e1bbbcf5a52656b,"sourced image, not photographed by the team; assigned to Khurram Shafique's set; item_count not checked"
bcc_00594,images/bcc_00594.jpg,512,512,realwaste,https://github.com/sam-single/realwaste,CC-BY-NC-SA-4.0,Sam Single et al. (RealWaste),2026-10-04,other,containers,1,REA-bcc_00594,44e0d849d3ec074e802a5f8a0e26f9d80579416f,"sourced image, not photographed by the team; assigned to Khurram Shafique's set; item_count not checked"
bcc_00595,images/bcc_00595.jpg,512,512,realwaste,https://github.com/sam-single/realwaste,CC-BY-NC-SA-4.0,Sam Single et al. (RealWaste),2026-10-04,other,containers,1,REA-bcc_00595,4d612d77319bb7444f414133d57246d85f4e6e86,"sourced image, not photographed by the team; assigned to Khurram Shafique's set; item_count not checked"
bcc_00596,images/bcc_00596.jpg,512,512,realwaste,https://github.com/sam-single/realwaste,CC-BY-NC-SA-4.0,Sam Single et al. (RealWaste),2026-10-04,other,containers,1,REA-bcc_00596,41a4fa3c94e2d7244268ce9e3bd2cfaaff09f5e8,"sourced image, not photographed by the team; assigned to Khurram Shafique's set; item_count not checked"
bcc_00597,images/bcc_00597.jpg,512,512,realwaste,https://github.com/sam-single/realwaste,CC-BY-NC-SA-4.0,Sam Single et al. (RealWaste),2026-10-04,other,containers,1,REA-bcc_00597,2503b5e994b1e8f1e8287dd5654f590eb004cae9,"sourced image, not photographed by the team; assigned to Khurram Shafique's set; item_count not checked"
bcc_00598,images/bcc_00598.jpg,384,512,wikimedia,https://commons.wikimedia.org/wiki/File:HK_%E9%A6%99%E6%B8%AF%E8%88%AA%E7%A9%BA_HongKong_Airlines_%E9%A3%9B%E6%A9%9F%E9%A4%90_in-flight_meal_food_%E8%93%AE%E8%93%89%E5%8C%85_Lotus_seed_bun_with_%E9%8B%81%E7%AE%94%E7%B4%99%E8%A2%8B_disposable_aluminium_foil_January_2025_R12S_42.jpg,CC0-1.0,Naha Mama Pavilionz,2026-10-04,other,containers,1,WIK-foilpack01,5302f00e75ee827fc3c680519772509de6ebc8d7,"sourced image, not photographed by the team; assigned to Daud Jan's set"
bcc_00599,images/bcc_00599.jpg,512,384,wikimedia,https://commons.wikimedia.org/wiki/File:HK_%E9%A6%99%E6%B8%AF%E8%88%AA%E7%A9%BA_HongKong_Airlines_%E9%A3%9B%E6%A9%9F%E9%A4%90_in-flight_meal_food_%E8%93%AE%E8%93%89%E5%8C%85_Lotus_seed_bun_with_%E9%8B%81%E7%AE%94%E7%B4%99%E8%A2%8B_disposable_aluminium_foil_January_2025_R12S_03.jpg,CC0-1.0,Naha Mama Pavilionz,2026-10-04,other,containers,1,WIK-foilpack01,efbb9d71c203fd65157f7015f17d534150d531c1,"sourced image, not photographed by the team; assigned to Daud Jan's set"
bcc_00600,images/bcc_00600.jpg,384,512,wikimedia,https://commons.wikimedia.org/wiki/File:HK_%E9%A6%99%E6%B8%AF%E8%88%AA%E7%A9%BA_HongKong_Airlines_%E9%A3%9B%E6%A9%9F%E9%A4%90_in-flight_meal_food_%E8%93%AE%E8%93%89%E5%8C%85_Lotus_seed_bun_with_%E9%8B%81%E7%AE%94%E7%B4%99%E8%A2%8B_disposable_aluminium_foil_January_2025_R12S_06.jpg,CC0-1.0,Naha Mama Pavilionz,2026-10-04,other,containers,1,WIK-foilpack01,c3d7b551225f74afed6038ac491d4fc736c24b9f,"sourced image, not photographed by the team; assigned to Daud Jan's set"
bcc_00601,images/bcc_00601.jpg,512,384,wikimedia,https://commons.wikimedia.org/wiki/File:HK_%E9%A6%99%E6%B8%AF%E8%88%AA%E7%A9%BA_HongKong_Airlines_%E9%A3%9B%E6%A9%9F%E9%A4%90_in-flight_meal_food_%E8%93%AE%E8%93%89%E5%8C%85_Lotus_seed_bun_with_%E9%8B%81%E7%AE%94%E7%B4%99%E8%A2%8B_disposable_aluminium_foil_January_2025_R12S_02.jpg,CC0-1.0,Naha Mama Pavilionz,2026-10-04,other,containers,1,WIK-foilpack01,eb76c5f447258f7287b407574e830b16dabad3ee,"sourced image, not photographed by the team; assigned to Daud Jan's set"
bcc_00602,images/bcc_00602.jpg,384,512,wikimedia,https://commons.wikimedia.org/wiki/File:HK_%E9%A6%99%E6%B8%AF%E8%88%AA%E7%A9%BA_HongKong_Airlines_%E9%A3%9B%E6%A9%9F%E9%A4%90_in-flight_meal_food_%E8%93%AE%E8%93%89%E5%8C%85_Lotus_seed_bun_with_%E9%8B%81%E7%AE%94%E7%B4%99%E8%A2%8B_disposable_aluminium_foil_January_2025_R12S_07.jpg,CC0-1.0,Naha Mama Pavilionz,2026-10-04,other,containers,1,WIK-foilpack01,a0fc8b0df5aa8d31e05d3f3dea094451f22f936b,"sourced image, not photographed by the team; assigned to Daud Jan's set"
bcc_00603,images/bcc_00603.jpg,512,341,wikimedia,https://commons.wikimedia.org/wiki/File:Aerosolcan_pullution.jpg,Public-Domain,T3rminatr,2026-10-04,other,containers,1,WIK-bcc_00603,45be3e3933b43cbe0c23a215009cf7d5d568dc0f,"sourced image, not photographed by the team; assigned to Daud Jan's set"
bcc_00604,images/bcc_00604.jpg,285,512,wikimedia,https://commons.wikimedia.org/wiki/File:Eckerd_Spray_Starch_(24544614703).jpg,CC-BY-2.0,Infrogmation of New Orleans from New Orleans,2026-10-04,other,containers,1,WIK-bcc_00604,c4eff01b93940281cda3a5af791cd6a06ffedb77,"sourced image, not photographed by the team; assigned to Daud Jan's set"
bcc_00605,images/bcc_00605.jpg,169,512,wikimedia,https://commons.wikimedia.org/wiki/File:Bombe_a%C3%A9rosol_0852b.JPG,CC-BY-3.0,Szyx (ArséniureDeGallium),2026-10-04,other,containers,1,WIK-bcc_00605,817a067843be5b0e120400bdfbcf30bd695b4092,"sourced image, not photographed by the team; assigned to Daud Jan's set"
bcc_00606,images/bcc_00606.jpg,512,467,wikimedia,https://commons.wikimedia.org/wiki/File:Canned-air.jpg,Public-Domain,Although,2026-10-04,other,containers,1,WIK-bcc_00606,74965f9f55a60eba3b0359173729394bac706217,"sourced image, not photographed by the team; assigned to Daud Jan's set"
bcc_00607,images/bcc_00607.jpg,354,512,wikimedia,https://commons.wikimedia.org/wiki/File:Can_opened_with_side_opener.jpg,CC0-1.0,Ll1324,2026-10-04,other,containers,1,WIK-bcc_00607,9ca8c150ce42422e8153df682a9ac0712cd0e78b,"sourced image, not photographed by the team; assigned to Daud Jan's set"
bcc_00608,images/bcc_00608.jpg,512,384,wikimedia,https://commons.wikimedia.org/wiki/File:Ejemplo_bordonado_2.JPG,CC-BY-3.0,Ana Royo,2026-10-04,other,containers,1,WIK-bcc_00608,9222322fa839a2fb02b4d229d2cdd6e5f28cdd23,"sourced image, not photographed by the team; assigned to Daud Jan's set"
bcc_00609,images/bcc_00609.jpg,340,512,wikimedia,https://commons.wikimedia.org/wiki/File:20130307-OC-RBN-4167_(8577512647).jpg,Public-Domain,U.S. Department of Agriculture Bob Nichols/Photographer/United States Department,2026-10-04,other,containers,1,WIK-bcc_00609,e8b861299fc3bb7850167868df48dbd492e6a543,"sourced image, not photographed by the team; assigned to Daud Jan's set"
bcc_00610,images/bcc_00610.jpg,384,512,wikimedia,https://commons.wikimedia.org/wiki/File:Cola_-_Thai_Restaurant.jpg,CC-BY-2.0,Tony Webster,2026-10-04,other,containers,1,WIK-bcc_00610,ae223ad19e99e871116c12cb93b26b8f27669abf,"sourced image, not photographed by the team; assigned to Daud Jan's set"
bcc_00611,images/bcc_00611.jpg,512,384,wikimedia,https://commons.wikimedia.org/wiki/File:Cukrov%C3%AD_z_lineck%C3%A9ho_t%C4%9Bsta.jpg,CC-BY-3.0,Dezidor,2026-10-04,other,containers,1,WIK-bcc_00611,505bd695c874d4bd8a067010e7b1bca7d0d0dac2,"sourced image, not photographed by the team; assigned to Daud Jan's set"
bcc_00612,images/bcc_00612.jpg,512,412,wikimedia,https://commons.wikimedia.org/wiki/File:Butter_single_portion_in_container.JPG,Public-Domain,User:Mattes,2026-10-04,other,containers,1,WIK-bcc_00612,7fafe1dbdf5459509f399f92cf93ccc59c05fe41,"sourced image, not photographed by the team; assigned to Daud Jan's set"
bcc_00613,images/bcc_00613.jpg,512,384,wikimedia,https://commons.wikimedia.org/wiki/File:HOMANN_Resi-Schmelz2.jpg,CC0-1.0,Seli82,2026-10-04,other,containers,1,WIK-tub01,cd95a782a5fe010d9047b1851427bea38542b284,"sourced image, not photographed by the team; assigned to Daud Jan's set"
bcc_00614,images/bcc_00614.jpg,384,512,wikimedia,https://commons.wikimedia.org/wiki/File:HOMANN_Resi-Schmelz1.jpg,CC0-1.0,Seli82,2026-10-04,other,containers,1,WIK-tub01,33c551e1f1ab7dee1cb7c81e3a7285a84cd20d81,"sourced image, not photographed by the team; assigned to Daud Jan's set"
bcc_00615,images/bcc_00615.jpg,512,340,wikimedia,https://commons.wikimedia.org/wiki/File:Brelett_Oliven.jpg,Public-Domain,Alasdair McLellan,2026-10-04,other,containers,1,WIK-bcc_00615,9cffde78174d885c51940a0cbf5b1cc3084304e6,"sourced image, not photographed by the team; assigned to Daud Jan's set"
bcc_00616,images/bcc_00616.jpg,512,340,wikimedia,https://commons.wikimedia.org/wiki/File:Brelett_550g.jpg,Public-Domain,Alasdair McLellan,2026-10-04,other,containers,1,WIK-bcc_00616,b25346c237fbab2a9182051df0f09d852d5435d2,"sourced image, not photographed by the team; assigned to Daud Jan's set"
bcc_00617,images/bcc_00617.jpg,512,384,wikimedia,https://commons.wikimedia.org/wiki/File:L%C3%A4tta_-_(halbfettmargarine).JPG,CC0-1.0,Capun,2026-10-04,other,containers,1,WIK-bcc_00617,c46de8db932e5db85def92de4ef74a76fae7e26b,"sourced image, not photographed by the team; assigned to Daud Jan's set"
